pca_components,min_cluster_size,min_samples,method,epsilon,n_clusters,n_noise,coverage,dbcv,base_score,count_penalty,final_score
2,10,1,eom,0.0,38,346,0.6834,0.155,0.1059,0.1562,0.0166
2,10,1,eom,0.3,16,223,0.796,0.0716,0.057,0.3226,0.0184
2,10,1,eom,0.5,6,94,0.914,0.0166,0.0152,0.625,0.0095
2,10,1,eom,1.0,2,62,0.9433,0.0088,0.0083,1.0,0.0083
2,10,1,leaf,0.0,42,384,0.6487,0.1661,0.1078,0.1429,0.0154
2,10,1,leaf,0.3,16,223,0.796,0.0716,0.057,0.3226,0.0184
2,10,1,leaf,0.5,6,94,0.914,0.0166,0.0152,0.625,0.0095
2,10,1,leaf,1.0,2,62,0.9433,0.0088,0.0083,1.0,0.0083
2,10,3,eom,0.0,3,148,0.8646,0.027,0.0233,0.8696,0.0203
2,10,3,eom,0.3,3,148,0.8646,0.027,0.0233,0.8696,0.0203
2,10,3,eom,0.5,3,148,0.8646,0.027,0.0233,0.8696,0.0203
2,10,3,eom,1.0,2,98,0.9103,0.004,0.0036,1.0,0.0036
2,10,3,leaf,0.0,30,580,0.4694,0.2219,0.1042,0.1923,0.02
2,10,3,leaf,0.3,12,395,0.6386,0.0844,0.0539,0.4,0.0216
2,10,3,leaf,0.5,3,148,0.8646,0.027,0.0233,0.8696,0.0203
2,10,3,leaf,1.0,2,98,0.9103,0.004,0.0036,1.0,0.0036
2,10,5,eom,0.0,5,377,0.6551,0.0412,0.027,0.6897,0.0186
2,10,5,eom,0.3,5,377,0.6551,0.0412,0.027,0.6897,0.0186
2,10,5,eom,0.5,2,197,0.8198,0.0001,0.0001,1.0,0.0001
2,10,5,eom,1.0,2,197,0.8198,0.0001,0.0001,1.0,0.0001
2,10,5,leaf,0.0,19,729,0.333,0.1183,0.0394,0.2817,0.0111
2,10,5,leaf,0.3,13,630,0.4236,0.0555,0.0235,0.3774,0.0089
2,10,5,leaf,0.5,2,197,0.8198,0.0001,0.0001,1.0,0.0001
2,10,5,leaf,1.0,2,197,0.8198,0.0001,0.0001,1.0,0.0001
2,10,10,eom,0.0,2,293,0.7319,0.0,0.0,1.0,0.0
2,10,10,eom,0.3,2,293,0.7319,0.0,0.0,1.0,0.0
2,10,10,eom,0.5,2,293,0.7319,0.0,0.0,1.0,0.0
2,10,10,eom,1.0,2,293,0.7319,0.0,0.0,1.0,0.0
2,10,10,leaf,0.0,13,841,0.2306,0.0414,0.0096,0.3774,0.0036
2,10,10,leaf,0.3,13,841,0.2306,0.0414,0.0096,0.3774,0.0036
2,10,10,leaf,0.5,4,456,0.5828,0.0291,0.017,0.7692,0.0131
2,10,10,leaf,1.0,2,293,0.7319,0.0,0.0,1.0,0.0
2,15,1,eom,0.0,3,99,0.9094,0.0314,0.0285,0.8696,0.0248
2,15,1,eom,0.3,3,99,0.9094,0.0314,0.0285,0.8696,0.0248
2,15,1,eom,0.5,3,99,0.9094,0.0314,0.0285,0.8696,0.0248
2,15,1,eom,1.0,2,62,0.9433,0.0088,0.0083,1.0,0.0083
2,15,1,leaf,0.0,22,527,0.5178,0.22,0.1139,0.25,0.0285
2,15,1,leaf,0.3,9,292,0.7328,0.0697,0.0511,0.4878,0.0249
2,15,1,leaf,0.5,3,99,0.9094,0.0314,0.0285,0.8696,0.0248
2,15,1,leaf,1.0,2,62,0.9433,0.0088,0.0083,1.0,0.0083
2,15,3,eom,0.0,2,159,0.8545,0.0173,0.0148,1.0,0.0148
2,15,3,eom,0.3,2,159,0.8545,0.0173,0.0148,1.0,0.0148
2,15,3,eom,0.5,2,159,0.8545,0.0173,0.0148,1.0,0.0148
2,15,3,eom,1.0,2,159,0.8545,0.0173,0.0148,1.0,0.0148
2,15,3,leaf,0.0,17,651,0.4044,0.1666,0.0674,0.3077,0.0207
2,15,3,leaf,0.3,7,438,0.5993,0.0691,0.0414,0.5714,0.0237
2,15,3,leaf,0.5,2,159,0.8545,0.0173,0.0148,1.0,0.0148
2,15,3,leaf,1.0,2,159,0.8545,0.0173,0.0148,1.0,0.0148
2,15,5,eom,0.0,4,389,0.6441,0.0306,0.0197,0.7692,0.0151
2,15,5,eom,0.3,4,389,0.6441,0.0306,0.0197,0.7692,0.0151
2,15,5,eom,0.5,2,312,0.7145,0.0013,0.001,1.0,0.001
2,15,5,eom,1.0,2,312,0.7145,0.0013,0.001,1.0,0.001
2,15,5,leaf,0.0,12,728,0.3339,0.0979,0.0327,0.4,0.0131
2,15,5,leaf,0.3,9,656,0.3998,0.0473,0.0189,0.4878,0.0092
2,15,5,leaf,0.5,2,312,0.7145,0.0013,0.001,1.0,0.001
2,15,5,leaf,1.0,2,312,0.7145,0.0013,0.001,1.0,0.001
2,15,10,eom,0.0,2,293,0.7319,0.0,0.0,1.0,0.0
2,15,10,eom,0.3,2,293,0.7319,0.0,0.0,1.0,0.0
2,15,10,eom,0.5,2,293,0.7319,0.0,0.0,1.0,0.0
2,15,10,eom,1.0,2,293,0.7319,0.0,0.0,1.0,0.0
2,15,10,leaf,0.0,8,851,0.2214,0.0848,0.0188,0.5263,0.0099
2,15,10,leaf,0.3,8,851,0.2214,0.0848,0.0188,0.5263,0.0099
2,15,10,leaf,0.5,2,293,0.7319,0.0,0.0,1.0,0.0
2,15,10,leaf,1.0,2,293,0.7319,0.0,0.0,1.0,0.0
2,25,1,eom,0.0,2,119,0.8911,0.0314,0.0279,1.0,0.0279
2,25,1,eom,0.3,2,119,0.8911,0.0314,0.0279,1.0,0.0279
2,25,1,eom,0.5,2,119,0.8911,0.0314,0.0279,1.0,0.0279
2,25,1,eom,1.0,2,119,0.8911,0.0314,0.0279,1.0,0.0279
2,25,1,leaf,0.0,9,588,0.462,0.0917,0.0424,0.4878,0.0207
2,25,1,leaf,0.3,4,389,0.6441,0.0311,0.02,0.7692,0.0154
2,25,1,leaf,0.5,2,119,0.8911,0.0314,0.0279,1.0,0.0279
2,25,1,leaf,1.0,2,119,0.8911,0.0314,0.0279,1.0,0.0279
2,25,3,eom,0.0,4,571,0.4776,0.0868,0.0415,0.7692,0.0319
2,25,3,eom,0.3,2,514,0.5297,0.001,0.0006,1.0,0.0006
2,25,3,eom,0.5,2,514,0.5297,0.001,0.0006,1.0,0.0006
2,25,3,eom,1.0,2,514,0.5297,0.001,0.0006,1.0,0.0006
2,25,3,leaf,0.0,6,652,0.4035,0.0899,0.0363,0.625,0.0227
2,25,3,leaf,0.3,2,514,0.5297,0.001,0.0006,1.0,0.0006
2,25,3,leaf,0.5,2,514,0.5297,0.001,0.0006,1.0,0.0006
2,25,3,leaf,1.0,2,514,0.5297,0.001,0.0006,1.0,0.0006
2,25,5,eom,0.0,6,765,0.3001,0.176,0.0528,0.625,0.033
2,25,5,eom,0.3,5,721,0.3403,0.1132,0.0385,0.6897,0.0266
2,25,5,eom,0.5,2,689,0.3696,0.0025,0.0009,1.0,0.0009
2,25,5,eom,1.0,2,689,0.3696,0.0025,0.0009,1.0,0.0009
2,25,5,leaf,0.0,6,765,0.3001,0.176,0.0528,0.625,0.033
2,25,5,leaf,0.3,5,721,0.3403,0.1132,0.0385,0.6897,0.0266
2,25,5,leaf,0.5,2,689,0.3696,0.0025,0.0009,1.0,0.0009
2,25,5,leaf,1.0,2,689,0.3696,0.0025,0.0009,1.0,0.0009
2,25,10,eom,0.0,4,824,0.2461,0.0683,0.0168,0.7692,0.0129
2,25,10,eom,0.3,4,824,0.2461,0.0683,0.0168,0.7692,0.0129
2,25,10,eom,0.5,2,792,0.2754,0.0001,0.0,1.0,0.0
2,25,10,eom,1.0,2,792,0.2754,0.0001,0.0,1.0,0.0
2,25,10,leaf,0.0,6,866,0.2077,0.0699,0.0145,0.625,0.0091
2,25,10,leaf,0.3,6,866,0.2077,0.0699,0.0145,0.625,0.0091
2,25,10,leaf,0.5,2,792,0.2754,0.0001,0.0,1.0,0.0
2,25,10,leaf,1.0,2,792,0.2754,0.0001,0.0,1.0,0.0
2,40,1,eom,0.0,3,504,0.5389,0.2162,0.1165,0.8696,0.1013
2,40,1,eom,0.3,2,419,0.6167,0.0034,0.0021,1.0,0.0021
2,40,1,eom,0.5,2,419,0.6167,0.0034,0.0021,1.0,0.0021
2,40,1,eom,1.0,2,419,0.6167,0.0034,0.0021,1.0,0.0021
2,40,1,leaf,0.0,5,669,0.3879,0.0056,0.0022,0.6897,0.0015
2,40,1,leaf,0.3,2,419,0.6167,0.0034,0.0021,1.0,0.0021
2,40,1,leaf,0.5,2,419,0.6167,0.0034,0.0021,1.0,0.0021
2,40,1,leaf,1.0,2,419,0.6167,0.0034,0.0021,1.0,0.0021
2,40,3,eom,0.0,3,549,0.4977,0.0009,0.0004,0.8696,0.0004
2,40,3,eom,0.3,2,514,0.5297,0.001,0.0006,1.0,0.0006
2,40,3,eom,0.5,2,514,0.5297,0.001,0.0006,1.0,0.0006
2,40,3,eom,1.0,2,514,0.5297,0.001,0.0006,1.0,0.0006
2,40,3,leaf,0.0,4,672,0.3852,0.2588,0.0997,0.7692,0.0767
2,40,3,leaf,0.3,2,514,0.5297,0.001,0.0006,1.0,0.0006
2,40,3,leaf,0.5,2,514,0.5297,0.001,0.0006,1.0,0.0006
2,40,3,leaf,1.0,2,514,0.5297,0.001,0.0006,1.0,0.0006
2,40,5,eom,0.0,3,747,0.3166,0.1133,0.0359,0.8696,0.0312
2,40,5,eom,0.3,3,747,0.3166,0.1133,0.0359,0.8696,0.0312
2,40,5,eom,0.5,2,689,0.3696,0.0025,0.0009,1.0,0.0009
2,40,5,eom,1.0,2,689,0.3696,0.0025,0.0009,1.0,0.0009
2,40,5,leaf,0.0,4,817,0.2525,0.1526,0.0385,0.7692,0.0296
2,40,5,leaf,0.3,3,747,0.3166,0.1133,0.0359,0.8696,0.0312
2,40,5,leaf,0.5,2,689,0.3696,0.0025,0.0009,1.0,0.0009
2,40,5,leaf,1.0,2,689,0.3696,0.0025,0.0009,1.0,0.0009
2,40,10,eom,0.0,2,792,0.2754,0.0001,0.0,1.0,0.0
2,40,10,eom,0.3,2,792,0.2754,0.0001,0.0,1.0,0.0
2,40,10,eom,0.5,2,792,0.2754,0.0001,0.0,1.0,0.0
2,40,10,eom,1.0,2,792,0.2754,0.0001,0.0,1.0,0.0
2,40,10,leaf,0.0,4,923,0.1555,0.0762,0.0119,0.7692,0.0091
2,40,10,leaf,0.3,4,923,0.1555,0.0762,0.0119,0.7692,0.0091
2,40,10,leaf,0.5,2,792,0.2754,0.0001,0.0,1.0,0.0
2,40,10,leaf,1.0,2,792,0.2754,0.0001,0.0,1.0,0.0
2,60,1,eom,0.0,3,504,0.5389,0.2162,0.1165,0.8696,0.1013
2,60,1,eom,0.3,2,419,0.6167,0.0034,0.0021,1.0,0.0021
2,60,1,eom,0.5,2,419,0.6167,0.0034,0.0021,1.0,0.0021
2,60,1,eom,1.0,2,419,0.6167,0.0034,0.0021,1.0,0.0021
2,60,1,leaf,0.0,4,569,0.4794,0.2171,0.1041,0.7692,0.0801
2,60,1,leaf,0.3,2,419,0.6167,0.0034,0.0021,1.0,0.0021
2,60,1,leaf,0.5,2,419,0.6167,0.0034,0.0021,1.0,0.0021
2,60,1,leaf,1.0,2,419,0.6167,0.0034,0.0021,1.0,0.0021
2,60,3,eom,0.0,3,549,0.4977,0.0009,0.0004,0.8696,0.0004
2,60,3,eom,0.3,2,514,0.5297,0.001,0.0006,1.0,0.0006
2,60,3,eom,0.5,2,514,0.5297,0.001,0.0006,1.0,0.0006
2,60,3,eom,1.0,2,514,0.5297,0.001,0.0006,1.0,0.0006
2,60,3,leaf,0.0,3,549,0.4977,0.0009,0.0004,0.8696,0.0004
2,60,3,leaf,0.3,2,514,0.5297,0.001,0.0006,1.0,0.0006
2,60,3,leaf,0.5,2,514,0.5297,0.001,0.0006,1.0,0.0006
2,60,3,leaf,1.0,2,514,0.5297,0.001,0.0006,1.0,0.0006
2,60,5,eom,0.0,2,689,0.3696,0.0025,0.0009,1.0,0.0009
2,60,5,eom,0.3,2,689,0.3696,0.0025,0.0009,1.0,0.0009
2,60,5,eom,0.5,2,689,0.3696,0.0025,0.0009,1.0,0.0009
2,60,5,eom,1.0,2,689,0.3696,0.0025,0.0009,1.0,0.0009
2,60,5,leaf,0.0,2,689,0.3696,0.0025,0.0009,1.0,0.0009
2,60,5,leaf,0.3,2,689,0.3696,0.0025,0.0009,1.0,0.0009
2,60,5,leaf,0.5,2,689,0.3696,0.0025,0.0009,1.0,0.0009
2,60,5,leaf,1.0,2,689,0.3696,0.0025,0.0009,1.0,0.0009
2,60,10,eom,0.0,0,1093,0.0,0.0,0.0,0.7692,0.0
2,60,10,eom,0.3,0,1093,0.0,0.0,0.0,0.7692,0.0
2,60,10,eom,0.5,0,1093,0.0,0.0,0.0,0.7692,0.0
2,60,10,eom,1.0,0,1093,0.0,0.0,0.0,0.7692,0.0
2,60,10,leaf,0.0,0,1093,0.0,0.0,0.0,0.7692,0.0
2,60,10,leaf,0.3,0,1093,0.0,0.0,0.0,0.7692,0.0
2,60,10,leaf,0.5,0,1093,0.0,0.0,0.0,0.7692,0.0
2,60,10,leaf,1.0,0,1093,0.0,0.0,0.0,0.7692,0.0
2,80,1,eom,0.0,3,504,0.5389,0.2162,0.1165,0.8696,0.1013
2,80,1,eom,0.3,2,419,0.6167,0.0034,0.0021,1.0,0.0021
2,80,1,eom,0.5,2,419,0.6167,0.0034,0.0021,1.0,0.0021
2,80,1,eom,1.0,2,419,0.6167,0.0034,0.0021,1.0,0.0021
2,80,1,leaf,0.0,3,504,0.5389,0.2162,0.1165,0.8696,0.1013
2,80,1,leaf,0.3,2,419,0.6167,0.0034,0.0021,1.0,0.0021
2,80,1,leaf,0.5,2,419,0.6167,0.0034,0.0021,1.0,0.0021
2,80,1,leaf,1.0,2,419,0.6167,0.0034,0.0021,1.0,0.0021
2,80,3,eom,0.0,3,549,0.4977,0.0009,0.0004,0.8696,0.0004
2,80,3,eom,0.3,2,514,0.5297,0.001,0.0006,1.0,0.0006
2,80,3,eom,0.5,2,514,0.5297,0.001,0.0006,1.0,0.0006
2,80,3,eom,1.0,2,514,0.5297,0.001,0.0006,1.0,0.0006
2,80,3,leaf,0.0,3,549,0.4977,0.0009,0.0004,0.8696,0.0004
2,80,3,leaf,0.3,2,514,0.5297,0.001,0.0006,1.0,0.0006
2,80,3,leaf,0.5,2,514,0.5297,0.001,0.0006,1.0,0.0006
2,80,3,leaf,1.0,2,514,0.5297,0.001,0.0006,1.0,0.0006
2,80,5,eom,0.0,2,689,0.3696,0.0025,0.0009,1.0,0.0009
2,80,5,eom,0.3,2,689,0.3696,0.0025,0.0009,1.0,0.0009
2,80,5,eom,0.5,2,689,0.3696,0.0025,0.0009,1.0,0.0009
2,80,5,eom,1.0,2,689,0.3696,0.0025,0.0009,1.0,0.0009
2,80,5,leaf,0.0,2,689,0.3696,0.0025,0.0009,1.0,0.0009
2,80,5,leaf,0.3,2,689,0.3696,0.0025,0.0009,1.0,0.0009
2,80,5,leaf,0.5,2,689,0.3696,0.0025,0.0009,1.0,0.0009
2,80,5,leaf,1.0,2,689,0.3696,0.0025,0.0009,1.0,0.0009
2,80,10,eom,0.0,0,1093,0.0,0.0,0.0,0.7692,0.0
2,80,10,eom,0.3,0,1093,0.0,0.0,0.0,0.7692,0.0
2,80,10,eom,0.5,0,1093,0.0,0.0,0.0,0.7692,0.0
2,80,10,eom,1.0,0,1093,0.0,0.0,0.0,0.7692,0.0
2,80,10,leaf,0.0,0,1093,0.0,0.0,0.0,0.7692,0.0
2,80,10,leaf,0.3,0,1093,0.0,0.0,0.0,0.7692,0.0
2,80,10,leaf,0.5,0,1093,0.0,0.0,0.0,0.7692,0.0
2,80,10,leaf,1.0,0,1093,0.0,0.0,0.0,0.7692,0.0
5,10,1,eom,0.0,2,384,0.6487,0.0006,0.0004,1.0,0.0004
5,10,1,eom,0.3,2,384,0.6487,0.0006,0.0004,1.0,0.0004
5,10,1,eom,0.5,2,384,0.6487,0.0006,0.0004,1.0,0.0004
5,10,1,eom,1.0,2,384,0.6487,0.0006,0.0004,1.0,0.0004
5,10,1,leaf,0.0,16,796,0.2717,0.0298,0.0081,0.3226,0.0026
5,10,1,leaf,0.3,16,796,0.2717,0.0298,0.0081,0.3226,0.0026
5,10,1,leaf,0.5,16,796,0.2717,0.0298,0.0081,0.3226,0.0026
5,10,1,leaf,1.0,14,764,0.301,0.0162,0.0049,0.3571,0.0017
5,10,3,eom,0.0,5,886,0.1894,0.0148,0.0028,0.6897,0.0019
5,10,3,eom,0.3,5,886,0.1894,0.0148,0.0028,0.6897,0.0019
5,10,3,eom,0.5,5,886,0.1894,0.0148,0.0028,0.6897,0.0019
5,10,3,eom,1.0,5,886,0.1894,0.0148,0.0028,0.6897,0.0019
5,10,3,leaf,0.0,6,955,0.1263,0.0149,0.0019,0.625,0.0012
5,10,3,leaf,0.3,6,955,0.1263,0.0149,0.0019,0.625,0.0012
5,10,3,leaf,0.5,6,955,0.1263,0.0149,0.0019,0.625,0.0012
5,10,3,leaf,1.0,6,955,0.1263,0.0149,0.0019,0.625,0.0012
5,10,5,eom,0.0,2,855,0.2177,0.0001,0.0,1.0,0.0
5,10,5,eom,0.3,2,855,0.2177,0.0001,0.0,1.0,0.0
5,10,5,eom,0.5,2,855,0.2177,0.0001,0.0,1.0,0.0
5,10,5,eom,1.0,2,855,0.2177,0.0001,0.0,1.0,0.0
5,10,5,leaf,0.0,8,974,0.1089,0.0124,0.0013,0.5263,0.0007
5,10,5,leaf,0.3,8,974,0.1089,0.0124,0.0013,0.5263,0.0007
5,10,5,leaf,0.5,8,974,0.1089,0.0124,0.0013,0.5263,0.0007
5,10,5,leaf,1.0,8,974,0.1089,0.0124,0.0013,0.5263,0.0007
5,10,10,eom,0.0,2,852,0.2205,0.0002,0.0,1.0,0.0
5,10,10,eom,0.3,2,852,0.2205,0.0002,0.0,1.0,0.0
5,10,10,eom,0.5,2,852,0.2205,0.0002,0.0,1.0,0.0
5,10,10,eom,1.0,2,852,0.2205,0.0002,0.0,1.0,0.0
5,10,10,leaf,0.0,3,1008,0.0778,0.0119,0.0009,0.8696,0.0008
5,10,10,leaf,0.3,3,1008,0.0778,0.0119,0.0009,0.8696,0.0008
5,10,10,leaf,0.5,3,1008,0.0778,0.0119,0.0009,0.8696,0.0008
5,10,10,leaf,1.0,3,1008,0.0778,0.0119,0.0009,0.8696,0.0008
5,15,1,eom,0.0,9,867,0.2068,0.0035,0.0007,0.4878,0.0003
5,15,1,eom,0.3,9,867,0.2068,0.0035,0.0007,0.4878,0.0003
5,15,1,eom,0.5,9,867,0.2068,0.0035,0.0007,0.4878,0.0003
5,15,1,eom,1.0,8,791,0.2763,0.1327,0.0367,0.5263,0.0193
5,15,1,leaf,0.0,9,867,0.2068,0.0035,0.0007,0.4878,0.0003
5,15,1,leaf,0.3,9,867,0.2068,0.0035,0.0007,0.4878,0.0003
5,15,1,leaf,0.5,9,867,0.2068,0.0035,0.0007,0.4878,0.0003
5,15,1,leaf,1.0,8,791,0.2763,0.1327,0.0367,0.5263,0.0193
5,15,3,eom,0.0,4,871,0.2031,0.0002,0.0,0.7692,0.0
5,15,3,eom,0.3,4,871,0.2031,0.0002,0.0,0.7692,0.0
5,15,3,eom,0.5,4,871,0.2031,0.0002,0.0,0.7692,0.0
5,15,3,eom,1.0,4,871,0.2031,0.0002,0.0,0.7692,0.0
5,15,3,leaf,0.0,5,940,0.14,0.0003,0.0,0.6897,0.0
5,15,3,leaf,0.3,5,940,0.14,0.0003,0.0,0.6897,0.0
5,15,3,leaf,0.5,5,940,0.14,0.0003,0.0,0.6897,0.0
5,15,3,leaf,1.0,5,940,0.14,0.0003,0.0,0.6897,0.0
5,15,5,eom,0.0,2,940,0.14,0.0001,0.0,1.0,0.0
5,15,5,eom,0.3,2,940,0.14,0.0001,0.0,1.0,0.0
5,15,5,eom,0.5,2,940,0.14,0.0001,0.0,1.0,0.0
5,15,5,eom,1.0,2,940,0.14,0.0001,0.0,1.0,0.0
5,15,5,leaf,0.0,3,961,0.1208,0.0814,0.0098,0.8696,0.0086
5,15,5,leaf,0.3,3,961,0.1208,0.0814,0.0098,0.8696,0.0086
5,15,5,leaf,0.5,3,961,0.1208,0.0814,0.0098,0.8696,0.0086
5,15,5,leaf,1.0,3,961,0.1208,0.0814,0.0098,0.8696,0.0086
5,15,10,eom,0.0,2,1022,0.065,0.0,0.0,1.0,0.0
5,15,10,eom,0.3,2,1022,0.065,0.0,0.0,1.0,0.0
5,15,10,eom,0.5,2,1022,0.065,0.0,0.0,1.0,0.0
5,15,10,eom,1.0,2,1022,0.065,0.0,0.0,1.0,0.0
5,15,10,leaf,0.0,2,1022,0.065,0.0,0.0,1.0,0.0
5,15,10,leaf,0.3,2,1022,0.065,0.0,0.0,1.0,0.0
5,15,10,leaf,0.5,2,1022,0.065,0.0,0.0,1.0,0.0
5,15,10,leaf,1.0,2,1022,0.065,0.0,0.0,1.0,0.0
5,25,1,eom,0.0,2,870,0.204,0.0005,0.0001,1.0,0.0001
5,25,1,eom,0.3,2,870,0.204,0.0005,0.0001,1.0,0.0001
5,25,1,eom,0.5,2,870,0.204,0.0005,0.0001,1.0,0.0001
5,25,1,eom,1.0,2,870,0.204,0.0005,0.0001,1.0,0.0001
5,25,1,leaf,0.0,2,870,0.204,0.0005,0.0001,1.0,0.0001
5,25,1,leaf,0.3,2,870,0.204,0.0005,0.0001,1.0,0.0001
5,25,1,leaf,0.5,2,870,0.204,0.0005,0.0001,1.0,0.0001
5,25,1,leaf,1.0,2,870,0.204,0.0005,0.0001,1.0,0.0001
5,25,3,eom,0.0,3,844,0.2278,0.0004,0.0001,0.8696,0.0001
5,25,3,eom,0.3,3,844,0.2278,0.0004,0.0001,0.8696,0.0001
5,25,3,eom,0.5,3,844,0.2278,0.0004,0.0001,0.8696,0.0001
5,25,3,eom,1.0,3,844,0.2278,0.0004,0.0001,0.8696,0.0001
5,25,3,leaf,0.0,3,844,0.2278,0.0004,0.0001,0.8696,0.0001
5,25,3,leaf,0.3,3,844,0.2278,0.0004,0.0001,0.8696,0.0001
5,25,3,leaf,0.5,3,844,0.2278,0.0004,0.0001,0.8696,0.0001
5,25,3,leaf,1.0,3,844,0.2278,0.0004,0.0001,0.8696,0.0001
5,25,5,eom,0.0,2,940,0.14,0.0001,0.0,1.0,0.0
5,25,5,eom,0.3,2,940,0.14,0.0001,0.0,1.0,0.0
5,25,5,eom,0.5,2,940,0.14,0.0001,0.0,1.0,0.0
5,25,5,eom,1.0,2,940,0.14,0.0001,0.0,1.0,0.0
5,25,5,leaf,0.0,2,940,0.14,0.0001,0.0,1.0,0.0
5,25,5,leaf,0.3,2,940,0.14,0.0001,0.0,1.0,0.0
5,25,5,leaf,0.5,2,940,0.14,0.0001,0.0,1.0,0.0
5,25,5,leaf,1.0,2,940,0.14,0.0001,0.0,1.0,0.0
5,25,10,eom,0.0,0,1093,0.0,0.0,0.0,0.7692,0.0
5,25,10,eom,0.3,0,1093,0.0,0.0,0.0,0.7692,0.0
5,25,10,eom,0.5,0,1093,0.0,0.0,0.0,0.7692,0.0
5,25,10,eom,1.0,0,1093,0.0,0.0,0.0,0.7692,0.0
5,25,10,leaf,0.0,0,1093,0.0,0.0,0.0,0.7692,0.0
5,25,10,leaf,0.3,0,1093,0.0,0.0,0.0,0.7692,0.0
5,25,10,leaf,0.5,0,1093,0.0,0.0,0.0,0.7692,0.0
5,25,10,leaf,1.0,0,1093,0.0,0.0,0.0,0.7692,0.0
5,40,1,eom,0.0,2,870,0.204,0.0005,0.0001,1.0,0.0001
5,40,1,eom,0.3,2,870,0.204,0.0005,0.0001,1.0,0.0001
5,40,1,eom,0.5,2,870,0.204,0.0005,0.0001,1.0,0.0001
5,40,1,eom,1.0,2,870,0.204,0.0005,0.0001,1.0,0.0001
5,40,1,leaf,0.0,2,870,0.204,0.0005,0.0001,1.0,0.0001
5,40,1,leaf,0.3,2,870,0.204,0.0005,0.0001,1.0,0.0001
5,40,1,leaf,0.5,2,870,0.204,0.0005,0.0001,1.0,0.0001
5,40,1,leaf,1.0,2,870,0.204,0.0005,0.0001,1.0,0.0001
5,40,3,eom,0.0,2,872,0.2022,0.0002,0.0,1.0,0.0
5,40,3,eom,0.3,2,872,0.2022,0.0002,0.0,1.0,0.0
5,40,3,eom,0.5,2,872,0.2022,0.0002,0.0,1.0,0.0
5,40,3,eom,1.0,2,872,0.2022,0.0002,0.0,1.0,0.0
5,40,3,leaf,0.0,2,872,0.2022,0.0002,0.0,1.0,0.0
5,40,3,leaf,0.3,2,872,0.2022,0.0002,0.0,1.0,0.0
5,40,3,leaf,0.5,2,872,0.2022,0.0002,0.0,1.0,0.0
5,40,3,leaf,1.0,2,872,0.2022,0.0002,0.0,1.0,0.0
5,40,5,eom,0.0,2,940,0.14,0.0001,0.0,1.0,0.0
5,40,5,eom,0.3,2,940,0.14,0.0001,0.0,1.0,0.0
5,40,5,eom,0.5,2,940,0.14,0.0001,0.0,1.0,0.0
5,40,5,eom,1.0,2,940,0.14,0.0001,0.0,1.0,0.0
5,40,5,leaf,0.0,2,940,0.14,0.0001,0.0,1.0,0.0
5,40,5,leaf,0.3,2,940,0.14,0.0001,0.0,1.0,0.0
5,40,5,leaf,0.5,2,940,0.14,0.0001,0.0,1.0,0.0
5,40,5,leaf,1.0,2,940,0.14,0.0001,0.0,1.0,0.0
5,40,10,eom,0.0,0,1093,0.0,0.0,0.0,0.7692,0.0
5,40,10,eom,0.3,0,1093,0.0,0.0,0.0,0.7692,0.0
5,40,10,eom,0.5,0,1093,0.0,0.0,0.0,0.7692,0.0
5,40,10,eom,1.0,0,1093,0.0,0.0,0.0,0.7692,0.0
5,40,10,leaf,0.0,0,1093,0.0,0.0,0.0,0.7692,0.0
5,40,10,leaf,0.3,0,1093,0.0,0.0,0.0,0.7692,0.0
5,40,10,leaf,0.5,0,1093,0.0,0.0,0.0,0.7692,0.0
5,40,10,leaf,1.0,0,1093,0.0,0.0,0.0,0.7692,0.0
5,60,1,eom,0.0,2,870,0.204,0.0005,0.0001,1.0,0.0001
5,60,1,eom,0.3,2,870,0.204,0.0005,0.0001,1.0,0.0001
5,60,1,eom,0.5,2,870,0.204,0.0005,0.0001,1.0,0.0001
5,60,1,eom,1.0,2,870,0.204,0.0005,0.0001,1.0,0.0001
5,60,1,leaf,0.0,2,870,0.204,0.0005,0.0001,1.0,0.0001
5,60,1,leaf,0.3,2,870,0.204,0.0005,0.0001,1.0,0.0001
5,60,1,leaf,0.5,2,870,0.204,0.0005,0.0001,1.0,0.0001
5,60,1,leaf,1.0,2,870,0.204,0.0005,0.0001,1.0,0.0001
5,60,3,eom,0.0,2,872,0.2022,0.0002,0.0,1.0,0.0
5,60,3,eom,0.3,2,872,0.2022,0.0002,0.0,1.0,0.0
5,60,3,eom,0.5,2,872,0.2022,0.0002,0.0,1.0,0.0
5,60,3,eom,1.0,2,872,0.2022,0.0002,0.0,1.0,0.0
5,60,3,leaf,0.0,2,872,0.2022,0.0002,0.0,1.0,0.0
5,60,3,leaf,0.3,2,872,0.2022,0.0002,0.0,1.0,0.0
5,60,3,leaf,0.5,2,872,0.2022,0.0002,0.0,1.0,0.0
5,60,3,leaf,1.0,2,872,0.2022,0.0002,0.0,1.0,0.0
5,60,5,eom,0.0,0,1093,0.0,0.0,0.0,0.7692,0.0
5,60,5,eom,0.3,0,1093,0.0,0.0,0.0,0.7692,0.0
5,60,5,eom,0.5,0,1093,0.0,0.0,0.0,0.7692,0.0
5,60,5,eom,1.0,0,1093,0.0,0.0,0.0,0.7692,0.0
5,60,5,leaf,0.0,0,1093,0.0,0.0,0.0,0.7692,0.0
5,60,5,leaf,0.3,0,1093,0.0,0.0,0.0,0.7692,0.0
5,60,5,leaf,0.5,0,1093,0.0,0.0,0.0,0.7692,0.0
5,60,5,leaf,1.0,0,1093,0.0,0.0,0.0,0.7692,0.0
5,60,10,eom,0.0,0,1093,0.0,0.0,0.0,0.7692,0.0
5,60,10,eom,0.3,0,1093,0.0,0.0,0.0,0.7692,0.0
5,60,10,eom,0.5,0,1093,0.0,0.0,0.0,0.7692,0.0
5,60,10,eom,1.0,0,1093,0.0,0.0,0.0,0.7692,0.0
5,60,10,leaf,0.0,0,1093,0.0,0.0,0.0,0.7692,0.0
5,60,10,leaf,0.3,0,1093,0.0,0.0,0.0,0.7692,0.0
5,60,10,leaf,0.5,0,1093,0.0,0.0,0.0,0.7692,0.0
5,60,10,leaf,1.0,0,1093,0.0,0.0,0.0,0.7692,0.0
5,80,1,eom,0.0,0,1093,0.0,0.0,0.0,0.7692,0.0
5,80,1,eom,0.3,0,1093,0.0,0.0,0.0,0.7692,0.0
5,80,1,eom,0.5,0,1093,0.0,0.0,0.0,0.7692,0.0
5,80,1,eom,1.0,0,1093,0.0,0.0,0.0,0.7692,0.0
5,80,1,leaf,0.0,0,1093,0.0,0.0,0.0,0.7692,0.0
5,80,1,leaf,0.3,0,1093,0.0,0.0,0.0,0.7692,0.0
5,80,1,leaf,0.5,0,1093,0.0,0.0,0.0,0.7692,0.0
5,80,1,leaf,1.0,0,1093,0.0,0.0,0.0,0.7692,0.0
5,80,3,eom,0.0,2,872,0.2022,0.0002,0.0,1.0,0.0
5,80,3,eom,0.3,2,872,0.2022,0.0002,0.0,1.0,0.0
5,80,3,eom,0.5,2,872,0.2022,0.0002,0.0,1.0,0.0
5,80,3,eom,1.0,2,872,0.2022,0.0002,0.0,1.0,0.0
5,80,3,leaf,0.0,2,872,0.2022,0.0002,0.0,1.0,0.0
5,80,3,leaf,0.3,2,872,0.2022,0.0002,0.0,1.0,0.0
5,80,3,leaf,0.5,2,872,0.2022,0.0002,0.0,1.0,0.0
5,80,3,leaf,1.0,2,872,0.2022,0.0002,0.0,1.0,0.0
5,80,5,eom,0.0,0,1093,0.0,0.0,0.0,0.7692,0.0
5,80,5,eom,0.3,0,1093,0.0,0.0,0.0,0.7692,0.0
5,80,5,eom,0.5,0,1093,0.0,0.0,0.0,0.7692,0.0
5,80,5,eom,1.0,0,1093,0.0,0.0,0.0,0.7692,0.0
5,80,5,leaf,0.0,0,1093,0.0,0.0,0.0,0.7692,0.0
5,80,5,leaf,0.3,0,1093,0.0,0.0,0.0,0.7692,0.0
5,80,5,leaf,0.5,0,1093,0.0,0.0,0.0,0.7692,0.0
5,80,5,leaf,1.0,0,1093,0.0,0.0,0.0,0.7692,0.0
5,80,10,eom,0.0,0,1093,0.0,0.0,0.0,0.7692,0.0
5,80,10,eom,0.3,0,1093,0.0,0.0,0.0,0.7692,0.0
5,80,10,eom,0.5,0,1093,0.0,0.0,0.0,0.7692,0.0
5,80,10,eom,1.0,0,1093,0.0,0.0,0.0,0.7692,0.0
5,80,10,leaf,0.0,0,1093,0.0,0.0,0.0,0.7692,0.0
5,80,10,leaf,0.3,0,1093,0.0,0.0,0.0,0.7692,0.0
5,80,10,leaf,0.5,0,1093,0.0,0.0,0.0,0.7692,0.0
5,80,10,leaf,1.0,0,1093,0.0,0.0,0.0,0.7692,0.0
10,10,1,eom,0.0,2,302,0.7237,0.0025,0.0018,1.0,0.0018
10,10,1,eom,0.3,2,302,0.7237,0.0025,0.0018,1.0,0.0018
10,10,1,eom,0.5,2,302,0.7237,0.0025,0.0018,1.0,0.0018
10,10,1,eom,1.0,2,302,0.7237,0.0025,0.0018,1.0,0.0018
10,10,1,leaf,0.0,11,892,0.1839,0.0762,0.014,0.4255,0.006
10,10,1,leaf,0.3,11,892,0.1839,0.0762,0.014,0.4255,0.006
10,10,1,leaf,0.5,11,892,0.1839,0.0762,0.014,0.4255,0.006
10,10,1,leaf,1.0,11,892,0.1839,0.0762,0.014,0.4255,0.006
10,10,3,eom,0.0,2,669,0.3879,0.0008,0.0003,1.0,0.0003
10,10,3,eom,0.3,2,669,0.3879,0.0008,0.0003,1.0,0.0003
10,10,3,eom,0.5,2,669,0.3879,0.0008,0.0003,1.0,0.0003
10,10,3,eom,1.0,2,669,0.3879,0.0008,0.0003,1.0,0.0003
10,10,3,leaf,0.0,5,904,0.1729,0.1306,0.0226,0.6897,0.0156
10,10,3,leaf,0.3,5,904,0.1729,0.1306,0.0226,0.6897,0.0156
10,10,3,leaf,0.5,5,904,0.1729,0.1306,0.0226,0.6897,0.0156
10,10,3,leaf,1.0,5,904,0.1729,0.1306,0.0226,0.6897,0.0156
10,10,5,eom,0.0,3,977,0.1061,0.0685,0.0073,0.8696,0.0063
10,10,5,eom,0.3,3,977,0.1061,0.0685,0.0073,0.8696,0.0063
10,10,5,eom,0.5,3,977,0.1061,0.0685,0.0073,0.8696,0.0063
10,10,5,eom,1.0,3,977,0.1061,0.0685,0.0073,0.8696,0.0063
10,10,5,leaf,0.0,3,977,0.1061,0.0685,0.0073,0.8696,0.0063
10,10,5,leaf,0.3,3,977,0.1061,0.0685,0.0073,0.8696,0.0063
10,10,5,leaf,0.5,3,977,0.1061,0.0685,0.0073,0.8696,0.0063
10,10,5,leaf,1.0,3,977,0.1061,0.0685,0.0073,0.8696,0.0063
10,10,10,eom,0.0,2,1040,0.0485,0.0001,0.0,1.0,0.0
10,10,10,eom,0.3,2,1040,0.0485,0.0001,0.0,1.0,0.0
10,10,10,eom,0.5,2,1040,0.0485,0.0001,0.0,1.0,0.0
10,10,10,eom,1.0,2,1040,0.0485,0.0001,0.0,1.0,0.0
10,10,10,leaf,0.0,2,1040,0.0485,0.0001,0.0,1.0,0.0
10,10,10,leaf,0.3,2,1040,0.0485,0.0001,0.0,1.0,0.0
10,10,10,leaf,0.5,2,1040,0.0485,0.0001,0.0,1.0,0.0
10,10,10,leaf,1.0,2,1040,0.0485,0.0001,0.0,1.0,0.0
10,15,1,eom,0.0,2,493,0.5489,0.001,0.0006,1.0,0.0006
10,15,1,eom,0.3,2,493,0.5489,0.001,0.0006,1.0,0.0006
10,15,1,eom,0.5,2,493,0.5489,0.001,0.0006,1.0,0.0006
10,15,1,eom,1.0,2,493,0.5489,0.001,0.0006,1.0,0.0006
10,15,1,leaf,0.0,6,934,0.1455,0.0457,0.0066,0.625,0.0042
10,15,1,leaf,0.3,6,934,0.1455,0.0457,0.0066,0.625,0.0042
10,15,1,leaf,0.5,6,934,0.1455,0.0457,0.0066,0.625,0.0042
10,15,1,leaf,1.0,6,934,0.1455,0.0457,0.0066,0.625,0.0042
10,15,3,eom,0.0,2,669,0.3879,0.0008,0.0003,1.0,0.0003
10,15,3,eom,0.3,2,669,0.3879,0.0008,0.0003,1.0,0.0003
10,15,3,eom,0.5,2,669,0.3879,0.0008,0.0003,1.0,0.0003
10,15,3,eom,1.0,2,669,0.3879,0.0008,0.0003,1.0,0.0003
10,15,3,leaf,0.0,3,894,0.1821,0.0168,0.0031,0.8696,0.0027
10,15,3,leaf,0.3,3,894,0.1821,0.0168,0.0031,0.8696,0.0027
10,15,3,leaf,0.5,3,894,0.1821,0.0168,0.0031,0.8696,0.0027
10,15,3,leaf,1.0,3,894,0.1821,0.0168,0.0031,0.8696,0.0027
10,15,5,eom,0.0,2,973,0.1098,0.0003,0.0,1.0,0.0
10,15,5,eom,0.3,2,973,0.1098,0.0003,0.0,1.0,0.0
10,15,5,eom,0.5,2,973,0.1098,0.0003,0.0,1.0,0.0
10,15,5,eom,1.0,2,973,0.1098,0.0003,0.0,1.0,0.0
10,15,5,leaf,0.0,2,973,0.1098,0.0003,0.0,1.0,0.0
10,15,5,leaf,0.3,2,973,0.1098,0.0003,0.0,1.0,0.0
10,15,5,leaf,0.5,2,973,0.1098,0.0003,0.0,1.0,0.0
10,15,5,leaf,1.0,2,973,0.1098,0.0003,0.0,1.0,0.0
10,15,10,eom,0.0,2,1040,0.0485,0.0001,0.0,1.0,0.0
10,15,10,eom,0.3,2,1040,0.0485,0.0001,0.0,1.0,0.0
10,15,10,eom,0.5,2,1040,0.0485,0.0001,0.0,1.0,0.0
10,15,10,eom,1.0,2,1040,0.0485,0.0001,0.0,1.0,0.0
10,15,10,leaf,0.0,2,1040,0.0485,0.0001,0.0,1.0,0.0
10,15,10,leaf,0.3,2,1040,0.0485,0.0001,0.0,1.0,0.0
10,15,10,leaf,0.5,2,1040,0.0485,0.0001,0.0,1.0,0.0
10,15,10,leaf,1.0,2,1040,0.0485,0.0001,0.0,1.0,0.0
10,25,1,eom,0.0,2,493,0.5489,0.001,0.0006,1.0,0.0006
10,25,1,eom,0.3,2,493,0.5489,0.001,0.0006,1.0,0.0006
10,25,1,eom,0.5,2,493,0.5489,0.001,0.0006,1.0,0.0006
10,25,1,eom,1.0,2,493,0.5489,0.001,0.0006,1.0,0.0006
10,25,1,leaf,0.0,3,748,0.3156,0.0285,0.009,0.8696,0.0078
10,25,1,leaf,0.3,3,748,0.3156,0.0285,0.009,0.8696,0.0078
10,25,1,leaf,0.5,3,748,0.3156,0.0285,0.009,0.8696,0.0078
10,25,1,leaf,1.0,3,748,0.3156,0.0285,0.009,0.8696,0.0078
10,25,3,eom,0.0,2,914,0.1638,0.0001,0.0,1.0,0.0
10,25,3,eom,0.3,2,914,0.1638,0.0001,0.0,1.0,0.0
10,25,3,eom,0.5,2,914,0.1638,0.0001,0.0,1.0,0.0
10,25,3,eom,1.0,2,914,0.1638,0.0001,0.0,1.0,0.0
10,25,3,leaf,0.0,2,914,0.1638,0.0001,0.0,1.0,0.0
10,25,3,leaf,0.3,2,914,0.1638,0.0001,0.0,1.0,0.0
10,25,3,leaf,0.5,2,914,0.1638,0.0001,0.0,1.0,0.0
10,25,3,leaf,1.0,2,914,0.1638,0.0001,0.0,1.0,0.0
10,25,5,eom,0.0,2,973,0.1098,0.0003,0.0,1.0,0.0
10,25,5,eom,0.3,2,973,0.1098,0.0003,0.0,1.0,0.0
10,25,5,eom,0.5,2,973,0.1098,0.0003,0.0,1.0,0.0
10,25,5,eom,1.0,2,973,0.1098,0.0003,0.0,1.0,0.0
10,25,5,leaf,0.0,2,973,0.1098,0.0003,0.0,1.0,0.0
10,25,5,leaf,0.3,2,973,0.1098,0.0003,0.0,1.0,0.0
10,25,5,leaf,0.5,2,973,0.1098,0.0003,0.0,1.0,0.0
10,25,5,leaf,1.0,2,973,0.1098,0.0003,0.0,1.0,0.0
10,25,10,eom,0.0,0,1093,0.0,0.0,0.0,0.7692,0.0
10,25,10,eom,0.3,0,1093,0.0,0.0,0.0,0.7692,0.0
10,25,10,eom,0.5,0,1093,0.0,0.0,0.0,0.7692,0.0
10,25,10,eom,1.0,0,1093,0.0,0.0,0.0,0.7692,0.0
10,25,10,leaf,0.0,0,1093,0.0,0.0,0.0,0.7692,0.0
10,25,10,leaf,0.3,0,1093,0.0,0.0,0.0,0.7692,0.0
10,25,10,leaf,0.5,0,1093,0.0,0.0,0.0,0.7692,0.0
10,25,10,leaf,1.0,0,1093,0.0,0.0,0.0,0.7692,0.0
10,40,1,eom,0.0,2,782,0.2845,0.0005,0.0002,1.0,0.0002
10,40,1,eom,0.3,2,782,0.2845,0.0005,0.0002,1.0,0.0002
10,40,1,eom,0.5,2,782,0.2845,0.0005,0.0002,1.0,0.0002
10,40,1,eom,1.0,2,782,0.2845,0.0005,0.0002,1.0,0.0002
10,40,1,leaf,0.0,2,782,0.2845,0.0005,0.0002,1.0,0.0002
10,40,1,leaf,0.3,2,782,0.2845,0.0005,0.0002,1.0,0.0002
10,40,1,leaf,0.5,2,782,0.2845,0.0005,0.0002,1.0,0.0002
10,40,1,leaf,1.0,2,782,0.2845,0.0005,0.0002,1.0,0.0002
10,40,3,eom,0.0,2,914,0.1638,0.0001,0.0,1.0,0.0
10,40,3,eom,0.3,2,914,0.1638,0.0001,0.0,1.0,0.0
10,40,3,eom,0.5,2,914,0.1638,0.0001,0.0,1.0,0.0
10,40,3,eom,1.0,2,914,0.1638,0.0001,0.0,1.0,0.0
10,40,3,leaf,0.0,2,914,0.1638,0.0001,0.0,1.0,0.0
10,40,3,leaf,0.3,2,914,0.1638,0.0001,0.0,1.0,0.0
10,40,3,leaf,0.5,2,914,0.1638,0.0001,0.0,1.0,0.0
10,40,3,leaf,1.0,2,914,0.1638,0.0001,0.0,1.0,0.0
10,40,5,eom,0.0,0,1093,0.0,0.0,0.0,0.7692,0.0
10,40,5,eom,0.3,0,1093,0.0,0.0,0.0,0.7692,0.0
10,40,5,eom,0.5,0,1093,0.0,0.0,0.0,0.7692,0.0
10,40,5,eom,1.0,0,1093,0.0,0.0,0.0,0.7692,0.0
10,40,5,leaf,0.0,0,1093,0.0,0.0,0.0,0.7692,0.0
10,40,5,leaf,0.3,0,1093,0.0,0.0,0.0,0.7692,0.0
10,40,5,leaf,0.5,0,1093,0.0,0.0,0.0,0.7692,0.0
10,40,5,leaf,1.0,0,1093,0.0,0.0,0.0,0.7692,0.0
10,40,10,eom,0.0,0,1093,0.0,0.0,0.0,0.7692,0.0
10,40,10,eom,0.3,0,1093,0.0,0.0,0.0,0.7692,0.0
10,40,10,eom,0.5,0,1093,0.0,0.0,0.0,0.7692,0.0
10,40,10,eom,1.0,0,1093,0.0,0.0,0.0,0.7692,0.0
10,40,10,leaf,0.0,0,1093,0.0,0.0,0.0,0.7692,0.0
10,40,10,leaf,0.3,0,1093,0.0,0.0,0.0,0.7692,0.0
10,40,10,leaf,0.5,0,1093,0.0,0.0,0.0,0.7692,0.0
10,40,10,leaf,1.0,0,1093,0.0,0.0,0.0,0.7692,0.0
10,60,1,eom,0.0,2,782,0.2845,0.0005,0.0002,1.0,0.0002
10,60,1,eom,0.3,2,782,0.2845,0.0005,0.0002,1.0,0.0002
10,60,1,eom,0.5,2,782,0.2845,0.0005,0.0002,1.0,0.0002
10,60,1,eom,1.0,2,782,0.2845,0.0005,0.0002,1.0,0.0002
10,60,1,leaf,0.0,2,782,0.2845,0.0005,0.0002,1.0,0.0002
10,60,1,leaf,0.3,2,782,0.2845,0.0005,0.0002,1.0,0.0002
10,60,1,leaf,0.5,2,782,0.2845,0.0005,0.0002,1.0,0.0002
10,60,1,leaf,1.0,2,782,0.2845,0.0005,0.0002,1.0,0.0002
10,60,3,eom,0.0,0,1093,0.0,0.0,0.0,0.7692,0.0
10,60,3,eom,0.3,0,1093,0.0,0.0,0.0,0.7692,0.0
10,60,3,eom,0.5,0,1093,0.0,0.0,0.0,0.7692,0.0
10,60,3,eom,1.0,0,1093,0.0,0.0,0.0,0.7692,0.0
10,60,3,leaf,0.0,0,1093,0.0,0.0,0.0,0.7692,0.0
10,60,3,leaf,0.3,0,1093,0.0,0.0,0.0,0.7692,0.0
10,60,3,leaf,0.5,0,1093,0.0,0.0,0.0,0.7692,0.0
10,60,3,leaf,1.0,0,1093,0.0,0.0,0.0,0.7692,0.0
10,60,5,eom,0.0,0,1093,0.0,0.0,0.0,0.7692,0.0
10,60,5,eom,0.3,0,1093,0.0,0.0,0.0,0.7692,0.0
10,60,5,eom,0.5,0,1093,0.0,0.0,0.0,0.7692,0.0
10,60,5,eom,1.0,0,1093,0.0,0.0,0.0,0.7692,0.0
10,60,5,leaf,0.0,0,1093,0.0,0.0,0.0,0.7692,0.0
10,60,5,leaf,0.3,0,1093,0.0,0.0,0.0,0.7692,0.0
10,60,5,leaf,0.5,0,1093,0.0,0.0,0.0,0.7692,0.0
10,60,5,leaf,1.0,0,1093,0.0,0.0,0.0,0.7692,0.0
10,60,10,eom,0.0,0,1093,0.0,0.0,0.0,0.7692,0.0
10,60,10,eom,0.3,0,1093,0.0,0.0,0.0,0.7692,0.0
10,60,10,eom,0.5,0,1093,0.0,0.0,0.0,0.7692,0.0
10,60,10,eom,1.0,0,1093,0.0,0.0,0.0,0.7692,0.0
10,60,10,leaf,0.0,0,1093,0.0,0.0,0.0,0.7692,0.0
10,60,10,leaf,0.3,0,1093,0.0,0.0,0.0,0.7692,0.0
10,60,10,leaf,0.5,0,1093,0.0,0.0,0.0,0.7692,0.0
10,60,10,leaf,1.0,0,1093,0.0,0.0,0.0,0.7692,0.0
10,80,1,eom,0.0,2,782,0.2845,0.0005,0.0002,1.0,0.0002
10,80,1,eom,0.3,2,782,0.2845,0.0005,0.0002,1.0,0.0002
10,80,1,eom,0.5,2,782,0.2845,0.0005,0.0002,1.0,0.0002
10,80,1,eom,1.0,2,782,0.2845,0.0005,0.0002,1.0,0.0002
10,80,1,leaf,0.0,2,782,0.2845,0.0005,0.0002,1.0,0.0002
10,80,1,leaf,0.3,2,782,0.2845,0.0005,0.0002,1.0,0.0002
10,80,1,leaf,0.5,2,782,0.2845,0.0005,0.0002,1.0,0.0002
10,80,1,leaf,1.0,2,782,0.2845,0.0005,0.0002,1.0,0.0002
10,80,3,eom,0.0,0,1093,0.0,0.0,0.0,0.7692,0.0
10,80,3,eom,0.3,0,1093,0.0,0.0,0.0,0.7692,0.0
10,80,3,eom,0.5,0,1093,0.0,0.0,0.0,0.7692,0.0
10,80,3,eom,1.0,0,1093,0.0,0.0,0.0,0.7692,0.0
10,80,3,leaf,0.0,0,1093,0.0,0.0,0.0,0.7692,0.0
10,80,3,leaf,0.3,0,1093,0.0,0.0,0.0,0.7692,0.0
10,80,3,leaf,0.5,0,1093,0.0,0.0,0.0,0.7692,0.0
10,80,3,leaf,1.0,0,1093,0.0,0.0,0.0,0.7692,0.0
10,80,5,eom,0.0,0,1093,0.0,0.0,0.0,0.7692,0.0
10,80,5,eom,0.3,0,1093,0.0,0.0,0.0,0.7692,0.0
10,80,5,eom,0.5,0,1093,0.0,0.0,0.0,0.7692,0.0
10,80,5,eom,1.0,0,1093,0.0,0.0,0.0,0.7692,0.0
10,80,5,leaf,0.0,0,1093,0.0,0.0,0.0,0.7692,0.0
10,80,5,leaf,0.3,0,1093,0.0,0.0,0.0,0.7692,0.0
10,80,5,leaf,0.5,0,1093,0.0,0.0,0.0,0.7692,0.0
10,80,5,leaf,1.0,0,1093,0.0,0.0,0.0,0.7692,0.0
10,80,10,eom,0.0,0,1093,0.0,0.0,0.0,0.7692,0.0
10,80,10,eom,0.3,0,1093,0.0,0.0,0.0,0.7692,0.0
10,80,10,eom,0.5,0,1093,0.0,0.0,0.0,0.7692,0.0
10,80,10,eom,1.0,0,1093,0.0,0.0,0.0,0.7692,0.0
10,80,10,leaf,0.0,0,1093,0.0,0.0,0.0,0.7692,0.0
10,80,10,leaf,0.3,0,1093,0.0,0.0,0.0,0.7692,0.0
10,80,10,leaf,0.5,0,1093,0.0,0.0,0.0,0.7692,0.0
10,80,10,leaf,1.0,0,1093,0.0,0.0,0.0,0.7692,0.0
16,10,1,eom,0.0,3,546,0.5005,0.0001,0.0,0.8696,0.0
16,10,1,eom,0.3,3,546,0.5005,0.0001,0.0,0.8696,0.0
16,10,1,eom,0.5,3,546,0.5005,0.0001,0.0,0.8696,0.0
16,10,1,eom,1.0,3,546,0.5005,0.0001,0.0,0.8696,0.0
16,10,1,leaf,0.0,13,852,0.2205,0.0482,0.0106,0.3774,0.004
16,10,1,leaf,0.3,13,852,0.2205,0.0482,0.0106,0.3774,0.004
16,10,1,leaf,0.5,13,852,0.2205,0.0482,0.0106,0.3774,0.004
16,10,1,leaf,1.0,13,852,0.2205,0.0482,0.0106,0.3774,0.004
16,10,3,eom,0.0,2,742,0.3211,0.0001,0.0,1.0,0.0
16,10,3,eom,0.3,2,742,0.3211,0.0001,0.0,1.0,0.0
16,10,3,eom,0.5,2,742,0.3211,0.0001,0.0,1.0,0.0
16,10,3,eom,1.0,2,742,0.3211,0.0001,0.0,1.0,0.0
16,10,3,leaf,0.0,6,910,0.1674,0.0339,0.0057,0.625,0.0036
16,10,3,leaf,0.3,6,910,0.1674,0.0339,0.0057,0.625,0.0036
16,10,3,leaf,0.5,6,910,0.1674,0.0339,0.0057,0.625,0.0036
16,10,3,leaf,1.0,6,910,0.1674,0.0339,0.0057,0.625,0.0036
16,10,5,eom,0.0,2,1030,0.0576,0.0002,0.0,1.0,0.0
16,10,5,eom,0.3,2,1030,0.0576,0.0002,0.0,1.0,0.0
16,10,5,eom,0.5,2,1030,0.0576,0.0002,0.0,1.0,0.0
16,10,5,eom,1.0,2,1030,0.0576,0.0002,0.0,1.0,0.0
16,10,5,leaf,0.0,2,1030,0.0576,0.0002,0.0,1.0,0.0
16,10,5,leaf,0.3,2,1030,0.0576,0.0002,0.0,1.0,0.0
16,10,5,leaf,0.5,2,1030,0.0576,0.0002,0.0,1.0,0.0
16,10,5,leaf,1.0,2,1030,0.0576,0.0002,0.0,1.0,0.0
16,10,10,eom,0.0,2,1049,0.0403,0.0001,0.0,1.0,0.0
16,10,10,eom,0.3,2,1049,0.0403,0.0001,0.0,1.0,0.0
16,10,10,eom,0.5,2,1049,0.0403,0.0001,0.0,1.0,0.0
16,10,10,eom,1.0,2,1049,0.0403,0.0001,0.0,1.0,0.0
16,10,10,leaf,0.0,2,1049,0.0403,0.0001,0.0,1.0,0.0
16,10,10,leaf,0.3,2,1049,0.0403,0.0001,0.0,1.0,0.0
16,10,10,leaf,0.5,2,1049,0.0403,0.0001,0.0,1.0,0.0
16,10,10,leaf,1.0,2,1049,0.0403,0.0001,0.0,1.0,0.0
16,15,1,eom,0.0,2,560,0.4876,0.0001,0.0,1.0,0.0
16,15,1,eom,0.3,2,560,0.4876,0.0001,0.0,1.0,0.0
16,15,1,eom,0.5,2,560,0.4876,0.0001,0.0,1.0,0.0
16,15,1,eom,1.0,2,560,0.4876,0.0001,0.0,1.0,0.0
16,15,1,leaf,0.0,7,908,0.1693,0.0359,0.0061,0.5714,0.0035
16,15,1,leaf,0.3,7,908,0.1693,0.0359,0.0061,0.5714,0.0035
16,15,1,leaf,0.5,7,908,0.1693,0.0359,0.0061,0.5714,0.0035
16,15,1,leaf,1.0,7,908,0.1693,0.0359,0.0061,0.5714,0.0035
16,15,3,eom,0.0,2,843,0.2287,0.0,0.0,1.0,0.0
16,15,3,eom,0.3,2,843,0.2287,0.0,0.0,1.0,0.0
16,15,3,eom,0.5,2,843,0.2287,0.0,0.0,1.0,0.0
16,15,3,eom,1.0,2,843,0.2287,0.0,0.0,1.0,0.0
16,15,3,leaf,0.0,4,933,0.1464,0.0146,0.0021,0.7692,0.0016
16,15,3,leaf,0.3,4,933,0.1464,0.0146,0.0021,0.7692,0.0016
16,15,3,leaf,0.5,4,933,0.1464,0.0146,0.0021,0.7692,0.0016
16,15,3,leaf,1.0,4,933,0.1464,0.0146,0.0021,0.7692,0.0016
16,15,5,eom,0.0,0,1093,0.0,0.0,0.0,0.7692,0.0
16,15,5,eom,0.3,0,1093,0.0,0.0,0.0,0.7692,0.0
16,15,5,eom,0.5,0,1093,0.0,0.0,0.0,0.7692,0.0
16,15,5,eom,1.0,0,1093,0.0,0.0,0.0,0.7692,0.0
16,15,5,leaf,0.0,0,1093,0.0,0.0,0.0,0.7692,0.0
16,15,5,leaf,0.3,0,1093,0.0,0.0,0.0,0.7692,0.0
16,15,5,leaf,0.5,0,1093,0.0,0.0,0.0,0.7692,0.0
16,15,5,leaf,1.0,0,1093,0.0,0.0,0.0,0.7692,0.0
16,15,10,eom,0.0,0,1093,0.0,0.0,0.0,0.7692,0.0
16,15,10,eom,0.3,0,1093,0.0,0.0,0.0,0.7692,0.0
16,15,10,eom,0.5,0,1093,0.0,0.0,0.0,0.7692,0.0
16,15,10,eom,1.0,0,1093,0.0,0.0,0.0,0.7692,0.0
16,15,10,leaf,0.0,0,1093,0.0,0.0,0.0,0.7692,0.0
16,15,10,leaf,0.3,0,1093,0.0,0.0,0.0,0.7692,0.0
16,15,10,leaf,0.5,0,1093,0.0,0.0,0.0,0.7692,0.0
16,15,10,leaf,1.0,0,1093,0.0,0.0,0.0,0.7692,0.0
16,25,1,eom,0.0,2,560,0.4876,0.0001,0.0,1.0,0.0
16,25,1,eom,0.3,2,560,0.4876,0.0001,0.0,1.0,0.0
16,25,1,eom,0.5,2,560,0.4876,0.0001,0.0,1.0,0.0
16,25,1,eom,1.0,2,560,0.4876,0.0001,0.0,1.0,0.0
16,25,1,leaf,0.0,4,851,0.2214,0.023,0.0051,0.7692,0.0039
16,25,1,leaf,0.3,4,851,0.2214,0.023,0.0051,0.7692,0.0039
16,25,1,leaf,0.5,4,851,0.2214,0.023,0.0051,0.7692,0.0039
16,25,1,leaf,1.0,4,851,0.2214,0.023,0.0051,0.7692,0.0039
16,25,3,eom,0.0,0,1093,0.0,0.0,0.0,0.7692,0.0
16,25,3,eom,0.3,0,1093,0.0,0.0,0.0,0.7692,0.0
16,25,3,eom,0.5,0,1093,0.0,0.0,0.0,0.7692,0.0
16,25,3,eom,1.0,0,1093,0.0,0.0,0.0,0.7692,0.0
16,25,3,leaf,0.0,0,1093,0.0,0.0,0.0,0.7692,0.0
16,25,3,leaf,0.3,0,1093,0.0,0.0,0.0,0.7692,0.0
16,25,3,leaf,0.5,0,1093,0.0,0.0,0.0,0.7692,0.0
16,25,3,leaf,1.0,0,1093,0.0,0.0,0.0,0.7692,0.0
16,25,5,eom,0.0,0,1093,0.0,0.0,0.0,0.7692,0.0
16,25,5,eom,0.3,0,1093,0.0,0.0,0.0,0.7692,0.0
16,25,5,eom,0.5,0,1093,0.0,0.0,0.0,0.7692,0.0
16,25,5,eom,1.0,0,1093,0.0,0.0,0.0,0.7692,0.0
16,25,5,leaf,0.0,0,1093,0.0,0.0,0.0,0.7692,0.0
16,25,5,leaf,0.3,0,1093,0.0,0.0,0.0,0.7692,0.0
16,25,5,leaf,0.5,0,1093,0.0,0.0,0.0,0.7692,0.0
16,25,5,leaf,1.0,0,1093,0.0,0.0,0.0,0.7692,0.0
16,25,10,eom,0.0,0,1093,0.0,0.0,0.0,0.7692,0.0
16,25,10,eom,0.3,0,1093,0.0,0.0,0.0,0.7692,0.0
16,25,10,eom,0.5,0,1093,0.0,0.0,0.0,0.7692,0.0
16,25,10,eom,1.0,0,1093,0.0,0.0,0.0,0.7692,0.0
16,25,10,leaf,0.0,0,1093,0.0,0.0,0.0,0.7692,0.0
16,25,10,leaf,0.3,0,1093,0.0,0.0,0.0,0.7692,0.0
16,25,10,leaf,0.5,0,1093,0.0,0.0,0.0,0.7692,0.0
16,25,10,leaf,1.0,0,1093,0.0,0.0,0.0,0.7692,0.0
16,40,1,eom,0.0,0,1093,0.0,0.0,0.0,0.7692,0.0
16,40,1,eom,0.3,0,1093,0.0,0.0,0.0,0.7692,0.0
16,40,1,eom,0.5,0,1093,0.0,0.0,0.0,0.7692,0.0
16,40,1,eom,1.0,0,1093,0.0,0.0,0.0,0.7692,0.0
16,40,1,leaf,0.0,0,1093,0.0,0.0,0.0,0.7692,0.0
16,40,1,leaf,0.3,0,1093,0.0,0.0,0.0,0.7692,0.0
16,40,1,leaf,0.5,0,1093,0.0,0.0,0.0,0.7692,0.0
16,40,1,leaf,1.0,0,1093,0.0,0.0,0.0,0.7692,0.0
16,40,3,eom,0.0,0,1093,0.0,0.0,0.0,0.7692,0.0
16,40,3,eom,0.3,0,1093,0.0,0.0,0.0,0.7692,0.0
16,40,3,eom,0.5,0,1093,0.0,0.0,0.0,0.7692,0.0
16,40,3,eom,1.0,0,1093,0.0,0.0,0.0,0.7692,0.0
16,40,3,leaf,0.0,0,1093,0.0,0.0,0.0,0.7692,0.0
16,40,3,leaf,0.3,0,1093,0.0,0.0,0.0,0.7692,0.0
16,40,3,leaf,0.5,0,1093,0.0,0.0,0.0,0.7692,0.0
16,40,3,leaf,1.0,0,1093,0.0,0.0,0.0,0.7692,0.0
16,40,5,eom,0.0,0,1093,0.0,0.0,0.0,0.7692,0.0
16,40,5,eom,0.3,0,1093,0.0,0.0,0.0,0.7692,0.0
16,40,5,eom,0.5,0,1093,0.0,0.0,0.0,0.7692,0.0
16,40,5,eom,1.0,0,1093,0.0,0.0,0.0,0.7692,0.0
16,40,5,leaf,0.0,0,1093,0.0,0.0,0.0,0.7692,0.0
16,40,5,leaf,0.3,0,1093,0.0,0.0,0.0,0.7692,0.0
16,40,5,leaf,0.5,0,1093,0.0,0.0,0.0,0.7692,0.0
16,40,5,leaf,1.0,0,1093,0.0,0.0,0.0,0.7692,0.0
16,40,10,eom,0.0,0,1093,0.0,0.0,0.0,0.7692,0.0
16,40,10,eom,0.3,0,1093,0.0,0.0,0.0,0.7692,0.0
16,40,10,eom,0.5,0,1093,0.0,0.0,0.0,0.7692,0.0
16,40,10,eom,1.0,0,1093,0.0,0.0,0.0,0.7692,0.0
16,40,10,leaf,0.0,0,1093,0.0,0.0,0.0,0.7692,0.0
16,40,10,leaf,0.3,0,1093,0.0,0.0,0.0,0.7692,0.0
16,40,10,leaf,0.5,0,1093,0.0,0.0,0.0,0.7692,0.0
16,40,10,leaf,1.0,0,1093,0.0,0.0,0.0,0.7692,0.0
16,60,1,eom,0.0,0,1093,0.0,0.0,0.0,0.7692,0.0
16,60,1,eom,0.3,0,1093,0.0,0.0,0.0,0.7692,0.0
16,60,1,eom,0.5,0,1093,0.0,0.0,0.0,0.7692,0.0
16,60,1,eom,1.0,0,1093,0.0,0.0,0.0,0.7692,0.0
16,60,1,leaf,0.0,0,1093,0.0,0.0,0.0,0.7692,0.0
16,60,1,leaf,0.3,0,1093,0.0,0.0,0.0,0.7692,0.0
16,60,1,leaf,0.5,0,1093,0.0,0.0,0.0,0.7692,0.0
16,60,1,leaf,1.0,0,1093,0.0,0.0,0.0,0.7692,0.0
16,60,3,eom,0.0,0,1093,0.0,0.0,0.0,0.7692,0.0
16,60,3,eom,0.3,0,1093,0.0,0.0,0.0,0.7692,0.0
16,60,3,eom,0.5,0,1093,0.0,0.0,0.0,0.7692,0.0
16,60,3,eom,1.0,0,1093,0.0,0.0,0.0,0.7692,0.0
16,60,3,leaf,0.0,0,1093,0.0,0.0,0.0,0.7692,0.0
16,60,3,leaf,0.3,0,1093,0.0,0.0,0.0,0.7692,0.0
16,60,3,leaf,0.5,0,1093,0.0,0.0,0.0,0.7692,0.0
16,60,3,leaf,1.0,0,1093,0.0,0.0,0.0,0.7692,0.0
16,60,5,eom,0.0,0,1093,0.0,0.0,0.0,0.7692,0.0
16,60,5,eom,0.3,0,1093,0.0,0.0,0.0,0.7692,0.0
16,60,5,eom,0.5,0,1093,0.0,0.0,0.0,0.7692,0.0
16,60,5,eom,1.0,0,1093,0.0,0.0,0.0,0.7692,0.0
16,60,5,leaf,0.0,0,1093,0.0,0.0,0.0,0.7692,0.0
16,60,5,leaf,0.3,0,1093,0.0,0.0,0.0,0.7692,0.0
16,60,5,leaf,0.5,0,1093,0.0,0.0,0.0,0.7692,0.0
16,60,5,leaf,1.0,0,1093,0.0,0.0,0.0,0.7692,0.0
16,60,10,eom,0.0,0,1093,0.0,0.0,0.0,0.7692,0.0
16,60,10,eom,0.3,0,1093,0.0,0.0,0.0,0.7692,0.0
16,60,10,eom,0.5,0,1093,0.0,0.0,0.0,0.7692,0.0
16,60,10,eom,1.0,0,1093,0.0,0.0,0.0,0.7692,0.0
16,60,10,leaf,0.0,0,1093,0.0,0.0,0.0,0.7692,0.0
16,60,10,leaf,0.3,0,1093,0.0,0.0,0.0,0.7692,0.0
16,60,10,leaf,0.5,0,1093,0.0,0.0,0.0,0.7692,0.0
16,60,10,leaf,1.0,0,1093,0.0,0.0,0.0,0.7692,0.0
16,80,1,eom,0.0,0,1093,0.0,0.0,0.0,0.7692,0.0
16,80,1,eom,0.3,0,1093,0.0,0.0,0.0,0.7692,0.0
16,80,1,eom,0.5,0,1093,0.0,0.0,0.0,0.7692,0.0
16,80,1,eom,1.0,0,1093,0.0,0.0,0.0,0.7692,0.0
16,80,1,leaf,0.0,0,1093,0.0,0.0,0.0,0.7692,0.0
16,80,1,leaf,0.3,0,1093,0.0,0.0,0.0,0.7692,0.0
16,80,1,leaf,0.5,0,1093,0.0,0.0,0.0,0.7692,0.0
16,80,1,leaf,1.0,0,1093,0.0,0.0,0.0,0.7692,0.0
16,80,3,eom,0.0,0,1093,0.0,0.0,0.0,0.7692,0.0
16,80,3,eom,0.3,0,1093,0.0,0.0,0.0,0.7692,0.0
16,80,3,eom,0.5,0,1093,0.0,0.0,0.0,0.7692,0.0
16,80,3,eom,1.0,0,1093,0.0,0.0,0.0,0.7692,0.0
16,80,3,leaf,0.0,0,1093,0.0,0.0,0.0,0.7692,0.0
16,80,3,leaf,0.3,0,1093,0.0,0.0,0.0,0.7692,0.0
16,80,3,leaf,0.5,0,1093,0.0,0.0,0.0,0.7692,0.0
16,80,3,leaf,1.0,0,1093,0.0,0.0,0.0,0.7692,0.0
16,80,5,eom,0.0,0,1093,0.0,0.0,0.0,0.7692,0.0
16,80,5,eom,0.3,0,1093,0.0,0.0,0.0,0.7692,0.0
16,80,5,eom,0.5,0,1093,0.0,0.0,0.0,0.7692,0.0
16,80,5,eom,1.0,0,1093,0.0,0.0,0.0,0.7692,0.0
16,80,5,leaf,0.0,0,1093,0.0,0.0,0.0,0.7692,0.0
16,80,5,leaf,0.3,0,1093,0.0,0.0,0.0,0.7692,0.0
16,80,5,leaf,0.5,0,1093,0.0,0.0,0.0,0.7692,0.0
16,80,5,leaf,1.0,0,1093,0.0,0.0,0.0,0.7692,0.0
16,80,10,eom,0.0,0,1093,0.0,0.0,0.0,0.7692,0.0
16,80,10,eom,0.3,0,1093,0.0,0.0,0.0,0.7692,0.0
16,80,10,eom,0.5,0,1093,0.0,0.0,0.0,0.7692,0.0
16,80,10,eom,1.0,0,1093,0.0,0.0,0.0,0.7692,0.0
16,80,10,leaf,0.0,0,1093,0.0,0.0,0.0,0.7692,0.0
16,80,10,leaf,0.3,0,1093,0.0,0.0,0.0,0.7692,0.0
16,80,10,leaf,0.5,0,1093,0.0,0.0,0.0,0.7692,0.0
16,80,10,leaf,1.0,0,1093,0.0,0.0,0.0,0.7692,0.0
12(auto),10,1,eom,0.0,3,496,0.5462,0.0008,0.0005,0.8696,0.0004
12(auto),10,1,eom,0.3,3,496,0.5462,0.0008,0.0005,0.8696,0.0004
12(auto),10,1,eom,0.5,3,496,0.5462,0.0008,0.0005,0.8696,0.0004
12(auto),10,1,eom,1.0,3,496,0.5462,0.0008,0.0005,0.8696,0.0004
12(auto),10,1,leaf,0.0,11,872,0.2022,0.0622,0.0126,0.4255,0.0053
12(auto),10,1,leaf,0.3,11,872,0.2022,0.0622,0.0126,0.4255,0.0053
12(auto),10,1,leaf,0.5,11,872,0.2022,0.0622,0.0126,0.4255,0.0053
12(auto),10,1,leaf,1.0,11,872,0.2022,0.0622,0.0126,0.4255,0.0053
12(auto),10,3,eom,0.0,2,677,0.3806,0.0003,0.0001,1.0,0.0001
12(auto),10,3,eom,0.3,2,677,0.3806,0.0003,0.0001,1.0,0.0001
12(auto),10,3,eom,0.5,2,677,0.3806,0.0003,0.0001,1.0,0.0001
12(auto),10,3,eom,1.0,2,677,0.3806,0.0003,0.0001,1.0,0.0001
12(auto),10,3,leaf,0.0,6,904,0.1729,0.0481,0.0083,0.625,0.0052
12(auto),10,3,leaf,0.3,6,904,0.1729,0.0481,0.0083,0.625,0.0052
12(auto),10,3,leaf,0.5,6,904,0.1729,0.0481,0.0083,0.625,0.0052
12(auto),10,3,leaf,1.0,6,904,0.1729,0.0481,0.0083,0.625,0.0052
12(auto),10,5,eom,0.0,2,1003,0.0823,0.0,0.0,1.0,0.0
12(auto),10,5,eom,0.3,2,1003,0.0823,0.0,0.0,1.0,0.0
12(auto),10,5,eom,0.5,2,1003,0.0823,0.0,0.0,1.0,0.0
12(auto),10,5,eom,1.0,2,1003,0.0823,0.0,0.0,1.0,0.0
12(auto),10,5,leaf,0.0,2,1003,0.0823,0.0,0.0,1.0,0.0
12(auto),10,5,leaf,0.3,2,1003,0.0823,0.0,0.0,1.0,0.0
12(auto),10,5,leaf,0.5,2,1003,0.0823,0.0,0.0,1.0,0.0
12(auto),10,5,leaf,1.0,2,1003,0.0823,0.0,0.0,1.0,0.0
12(auto),10,10,eom,0.0,2,1054,0.0357,0.0,0.0,1.0,0.0
12(auto),10,10,eom,0.3,2,1054,0.0357,0.0,0.0,1.0,0.0
12(auto),10,10,eom,0.5,2,1054,0.0357,0.0,0.0,1.0,0.0
12(auto),10,10,eom,1.0,2,1054,0.0357,0.0,0.0,1.0,0.0
12(auto),10,10,leaf,0.0,2,1054,0.0357,0.0,0.0,1.0,0.0
12(auto),10,10,leaf,0.3,2,1054,0.0357,0.0,0.0,1.0,0.0
12(auto),10,10,leaf,0.5,2,1054,0.0357,0.0,0.0,1.0,0.0
12(auto),10,10,leaf,1.0,2,1054,0.0357,0.0,0.0,1.0,0.0
12(auto),15,1,eom,0.0,2,489,0.5526,0.0006,0.0004,1.0,0.0004
12(auto),15,1,eom,0.3,2,489,0.5526,0.0006,0.0004,1.0,0.0004
12(auto),15,1,eom,0.5,2,489,0.5526,0.0006,0.0004,1.0,0.0004
12(auto),15,1,eom,1.0,2,489,0.5526,0.0006,0.0004,1.0,0.0004
12(auto),15,1,leaf,0.0,7,897,0.1793,0.0139,0.0025,0.5714,0.0014
12(auto),15,1,leaf,0.3,7,897,0.1793,0.0139,0.0025,0.5714,0.0014
12(auto),15,1,leaf,0.5,7,897,0.1793,0.0139,0.0025,0.5714,0.0014
12(auto),15,1,leaf,1.0,7,897,0.1793,0.0139,0.0025,0.5714,0.0014
12(auto),15,3,eom,0.0,2,677,0.3806,0.0003,0.0001,1.0,0.0001
12(auto),15,3,eom,0.3,2,677,0.3806,0.0003,0.0001,1.0,0.0001
12(auto),15,3,eom,0.5,2,677,0.3806,0.0003,0.0001,1.0,0.0001
12(auto),15,3,eom,1.0,2,677,0.3806,0.0003,0.0001,1.0,0.0001
12(auto),15,3,leaf,0.0,5,914,0.1638,0.0481,0.0079,0.6897,0.0054
12(auto),15,3,leaf,0.3,5,914,0.1638,0.0481,0.0079,0.6897,0.0054
12(auto),15,3,leaf,0.5,5,914,0.1638,0.0481,0.0079,0.6897,0.0054
12(auto),15,3,leaf,1.0,5,914,0.1638,0.0481,0.0079,0.6897,0.0054
12(auto),15,5,eom,0.0,2,1003,0.0823,0.0,0.0,1.0,0.0
12(auto),15,5,eom,0.3,2,1003,0.0823,0.0,0.0,1.0,0.0
12(auto),15,5,eom,0.5,2,1003,0.0823,0.0,0.0,1.0,0.0
12(auto),15,5,eom,1.0,2,1003,0.0823,0.0,0.0,1.0,0.0
12(auto),15,5,leaf,0.0,2,1003,0.0823,0.0,0.0,1.0,0.0
12(auto),15,5,leaf,0.3,2,1003,0.0823,0.0,0.0,1.0,0.0
12(auto),15,5,leaf,0.5,2,1003,0.0823,0.0,0.0,1.0,0.0
12(auto),15,5,leaf,1.0,2,1003,0.0823,0.0,0.0,1.0,0.0
12(auto),15,10,eom,0.0,0,1093,0.0,0.0,0.0,0.7692,0.0
12(auto),15,10,eom,0.3,0,1093,0.0,0.0,0.0,0.7692,0.0
12(auto),15,10,eom,0.5,0,1093,0.0,0.0,0.0,0.7692,0.0
12(auto),15,10,eom,1.0,0,1093,0.0,0.0,0.0,0.7692,0.0
12(auto),15,10,leaf,0.0,0,1093,0.0,0.0,0.0,0.7692,0.0
12(auto),15,10,leaf,0.3,0,1093,0.0,0.0,0.0,0.7692,0.0
12(auto),15,10,leaf,0.5,0,1093,0.0,0.0,0.0,0.7692,0.0
12(auto),15,10,leaf,1.0,0,1093,0.0,0.0,0.0,0.7692,0.0
12(auto),25,1,eom,0.0,2,489,0.5526,0.0006,0.0004,1.0,0.0004
12(auto),25,1,eom,0.3,2,489,0.5526,0.0006,0.0004,1.0,0.0004
12(auto),25,1,eom,0.5,2,489,0.5526,0.0006,0.0004,1.0,0.0004
12(auto),25,1,eom,1.0,2,489,0.5526,0.0006,0.0004,1.0,0.0004
12(auto),25,1,leaf,0.0,4,832,0.2388,0.0008,0.0002,0.7692,0.0001
12(auto),25,1,leaf,0.3,4,832,0.2388,0.0008,0.0002,0.7692,0.0001
12(auto),25,1,leaf,0.5,4,832,0.2388,0.0008,0.0002,0.7692,0.0001
12(auto),25,1,leaf,1.0,4,832,0.2388,0.0008,0.0002,0.7692,0.0001
12(auto),25,3,eom,0.0,2,913,0.1647,0.0002,0.0,1.0,0.0
12(auto),25,3,eom,0.3,2,913,0.1647,0.0002,0.0,1.0,0.0
12(auto),25,3,eom,0.5,2,913,0.1647,0.0002,0.0,1.0,0.0
12(auto),25,3,eom,1.0,2,913,0.1647,0.0002,0.0,1.0,0.0
12(auto),25,3,leaf,0.0,2,913,0.1647,0.0002,0.0,1.0,0.0
12(auto),25,3,leaf,0.3,2,913,0.1647,0.0002,0.0,1.0,0.0
12(auto),25,3,leaf,0.5,2,913,0.1647,0.0002,0.0,1.0,0.0
12(auto),25,3,leaf,1.0,2,913,0.1647,0.0002,0.0,1.0,0.0
12(auto),25,5,eom,0.0,0,1093,0.0,0.0,0.0,0.7692,0.0
12(auto),25,5,eom,0.3,0,1093,0.0,0.0,0.0,0.7692,0.0
12(auto),25,5,eom,0.5,0,1093,0.0,0.0,0.0,0.7692,0.0
12(auto),25,5,eom,1.0,0,1093,0.0,0.0,0.0,0.7692,0.0
12(auto),25,5,leaf,0.0,0,1093,0.0,0.0,0.0,0.7692,0.0
12(auto),25,5,leaf,0.3,0,1093,0.0,0.0,0.0,0.7692,0.0
12(auto),25,5,leaf,0.5,0,1093,0.0,0.0,0.0,0.7692,0.0
12(auto),25,5,leaf,1.0,0,1093,0.0,0.0,0.0,0.7692,0.0
12(auto),25,10,eom,0.0,0,1093,0.0,0.0,0.0,0.7692,0.0
12(auto),25,10,eom,0.3,0,1093,0.0,0.0,0.0,0.7692,0.0
12(auto),25,10,eom,0.5,0,1093,0.0,0.0,0.0,0.7692,0.0
12(auto),25,10,eom,1.0,0,1093,0.0,0.0,0.0,0.7692,0.0
12(auto),25,10,leaf,0.0,0,1093,0.0,0.0,0.0,0.7692,0.0
12(auto),25,10,leaf,0.3,0,1093,0.0,0.0,0.0,0.7692,0.0
12(auto),25,10,leaf,0.5,0,1093,0.0,0.0,0.0,0.7692,0.0
12(auto),25,10,leaf,1.0,0,1093,0.0,0.0,0.0,0.7692,0.0
12(auto),40,1,eom,0.0,2,774,0.2919,0.0008,0.0002,1.0,0.0002
12(auto),40,1,eom,0.3,2,774,0.2919,0.0008,0.0002,1.0,0.0002
12(auto),40,1,eom,0.5,2,774,0.2919,0.0008,0.0002,1.0,0.0002
12(auto),40,1,eom,1.0,2,774,0.2919,0.0008,0.0002,1.0,0.0002
12(auto),40,1,leaf,0.0,3,863,0.2104,0.0008,0.0002,0.8696,0.0001
12(auto),40,1,leaf,0.3,3,863,0.2104,0.0008,0.0002,0.8696,0.0001
12(auto),40,1,leaf,0.5,3,863,0.2104,0.0008,0.0002,0.8696,0.0001
12(auto),40,1,leaf,1.0,3,863,0.2104,0.0008,0.0002,0.8696,0.0001
12(auto),40,3,eom,0.0,0,1093,0.0,0.0,0.0,0.7692,0.0
12(auto),40,3,eom,0.3,0,1093,0.0,0.0,0.0,0.7692,0.0
12(auto),40,3,eom,0.5,0,1093,0.0,0.0,0.0,0.7692,0.0
12(auto),40,3,eom,1.0,0,1093,0.0,0.0,0.0,0.7692,0.0
12(auto),40,3,leaf,0.0,0,1093,0.0,0.0,0.0,0.7692,0.0
12(auto),40,3,leaf,0.3,0,1093,0.0,0.0,0.0,0.7692,0.0
12(auto),40,3,leaf,0.5,0,1093,0.0,0.0,0.0,0.7692,0.0
12(auto),40,3,leaf,1.0,0,1093,0.0,0.0,0.0,0.7692,0.0
12(auto),40,5,eom,0.0,0,1093,0.0,0.0,0.0,0.7692,0.0
12(auto),40,5,eom,0.3,0,1093,0.0,0.0,0.0,0.7692,0.0
12(auto),40,5,eom,0.5,0,1093,0.0,0.0,0.0,0.7692,0.0
12(auto),40,5,eom,1.0,0,1093,0.0,0.0,0.0,0.7692,0.0
12(auto),40,5,leaf,0.0,0,1093,0.0,0.0,0.0,0.7692,0.0
12(auto),40,5,leaf,0.3,0,1093,0.0,0.0,0.0,0.7692,0.0
12(auto),40,5,leaf,0.5,0,1093,0.0,0.0,0.0,0.7692,0.0
12(auto),40,5,leaf,1.0,0,1093,0.0,0.0,0.0,0.7692,0.0
12(auto),40,10,eom,0.0,0,1093,0.0,0.0,0.0,0.7692,0.0
12(auto),40,10,eom,0.3,0,1093,0.0,0.0,0.0,0.7692,0.0
12(auto),40,10,eom,0.5,0,1093,0.0,0.0,0.0,0.7692,0.0
12(auto),40,10,eom,1.0,0,1093,0.0,0.0,0.0,0.7692,0.0
12(auto),40,10,leaf,0.0,0,1093,0.0,0.0,0.0,0.7692,0.0
12(auto),40,10,leaf,0.3,0,1093,0.0,0.0,0.0,0.7692,0.0
12(auto),40,10,leaf,0.5,0,1093,0.0,0.0,0.0,0.7692,0.0
12(auto),40,10,leaf,1.0,0,1093,0.0,0.0,0.0,0.7692,0.0
12(auto),60,1,eom,0.0,0,1093,0.0,0.0,0.0,0.7692,0.0
12(auto),60,1,eom,0.3,0,1093,0.0,0.0,0.0,0.7692,0.0
12(auto),60,1,eom,0.5,0,1093,0.0,0.0,0.0,0.7692,0.0
12(auto),60,1,eom,1.0,0,1093,0.0,0.0,0.0,0.7692,0.0
12(auto),60,1,leaf,0.0,0,1093,0.0,0.0,0.0,0.7692,0.0
12(auto),60,1,leaf,0.3,0,1093,0.0,0.0,0.0,0.7692,0.0
12(auto),60,1,leaf,0.5,0,1093,0.0,0.0,0.0,0.7692,0.0
12(auto),60,1,leaf,1.0,0,1093,0.0,0.0,0.0,0.7692,0.0
12(auto),60,3,eom,0.0,0,1093,0.0,0.0,0.0,0.7692,0.0
12(auto),60,3,eom,0.3,0,1093,0.0,0.0,0.0,0.7692,0.0
12(auto),60,3,eom,0.5,0,1093,0.0,0.0,0.0,0.7692,0.0
12(auto),60,3,eom,1.0,0,1093,0.0,0.0,0.0,0.7692,0.0
12(auto),60,3,leaf,0.0,0,1093,0.0,0.0,0.0,0.7692,0.0
12(auto),60,3,leaf,0.3,0,1093,0.0,0.0,0.0,0.7692,0.0
12(auto),60,3,leaf,0.5,0,1093,0.0,0.0,0.0,0.7692,0.0
12(auto),60,3,leaf,1.0,0,1093,0.0,0.0,0.0,0.7692,0.0
12(auto),60,5,eom,0.0,0,1093,0.0,0.0,0.0,0.7692,0.0
12(auto),60,5,eom,0.3,0,1093,0.0,0.0,0.0,0.7692,0.0
12(auto),60,5,eom,0.5,0,1093,0.0,0.0,0.0,0.7692,0.0
12(auto),60,5,eom,1.0,0,1093,0.0,0.0,0.0,0.7692,0.0
12(auto),60,5,leaf,0.0,0,1093,0.0,0.0,0.0,0.7692,0.0
12(auto),60,5,leaf,0.3,0,1093,0.0,0.0,0.0,0.7692,0.0
12(auto),60,5,leaf,0.5,0,1093,0.0,0.0,0.0,0.7692,0.0
12(auto),60,5,leaf,1.0,0,1093,0.0,0.0,0.0,0.7692,0.0
12(auto),60,10,eom,0.0,0,1093,0.0,0.0,0.0,0.7692,0.0
12(auto),60,10,eom,0.3,0,1093,0.0,0.0,0.0,0.7692,0.0
12(auto),60,10,eom,0.5,0,1093,0.0,0.0,0.0,0.7692,0.0
12(auto),60,10,eom,1.0,0,1093,0.0,0.0,0.0,0.7692,0.0
12(auto),60,10,leaf,0.0,0,1093,0.0,0.0,0.0,0.7692,0.0
12(auto),60,10,leaf,0.3,0,1093,0.0,0.0,0.0,0.7692,0.0
12(auto),60,10,leaf,0.5,0,1093,0.0,0.0,0.0,0.7692,0.0
12(auto),60,10,leaf,1.0,0,1093,0.0,0.0,0.0,0.7692,0.0
12(auto),80,1,eom,0.0,0,1093,0.0,0.0,0.0,0.7692,0.0
12(auto),80,1,eom,0.3,0,1093,0.0,0.0,0.0,0.7692,0.0
12(auto),80,1,eom,0.5,0,1093,0.0,0.0,0.0,0.7692,0.0
12(auto),80,1,eom,1.0,0,1093,0.0,0.0,0.0,0.7692,0.0
12(auto),80,1,leaf,0.0,0,1093,0.0,0.0,0.0,0.7692,0.0
12(auto),80,1,leaf,0.3,0,1093,0.0,0.0,0.0,0.7692,0.0
12(auto),80,1,leaf,0.5,0,1093,0.0,0.0,0.0,0.7692,0.0
12(auto),80,1,leaf,1.0,0,1093,0.0,0.0,0.0,0.7692,0.0
12(auto),80,3,eom,0.0,0,1093,0.0,0.0,0.0,0.7692,0.0
12(auto),80,3,eom,0.3,0,1093,0.0,0.0,0.0,0.7692,0.0
12(auto),80,3,eom,0.5,0,1093,0.0,0.0,0.0,0.7692,0.0
12(auto),80,3,eom,1.0,0,1093,0.0,0.0,0.0,0.7692,0.0
12(auto),80,3,leaf,0.0,0,1093,0.0,0.0,0.0,0.7692,0.0
12(auto),80,3,leaf,0.3,0,1093,0.0,0.0,0.0,0.7692,0.0
12(auto),80,3,leaf,0.5,0,1093,0.0,0.0,0.0,0.7692,0.0
12(auto),80,3,leaf,1.0,0,1093,0.0,0.0,0.0,0.7692,0.0
12(auto),80,5,eom,0.0,0,1093,0.0,0.0,0.0,0.7692,0.0
12(auto),80,5,eom,0.3,0,1093,0.0,0.0,0.0,0.7692,0.0
12(auto),80,5,eom,0.5,0,1093,0.0,0.0,0.0,0.7692,0.0
12(auto),80,5,eom,1.0,0,1093,0.0,0.0,0.0,0.7692,0.0
12(auto),80,5,leaf,0.0,0,1093,0.0,0.0,0.0,0.7692,0.0
12(auto),80,5,leaf,0.3,0,1093,0.0,0.0,0.0,0.7692,0.0
12(auto),80,5,leaf,0.5,0,1093,0.0,0.0,0.0,0.7692,0.0
12(auto),80,5,leaf,1.0,0,1093,0.0,0.0,0.0,0.7692,0.0
12(auto),80,10,eom,0.0,0,1093,0.0,0.0,0.0,0.7692,0.0
12(auto),80,10,eom,0.3,0,1093,0.0,0.0,0.0,0.7692,0.0
12(auto),80,10,eom,0.5,0,1093,0.0,0.0,0.0,0.7692,0.0
12(auto),80,10,eom,1.0,0,1093,0.0,0.0,0.0,0.7692,0.0
12(auto),80,10,leaf,0.0,0,1093,0.0,0.0,0.0,0.7692,0.0
12(auto),80,10,leaf,0.3,0,1093,0.0,0.0,0.0,0.7692,0.0
12(auto),80,10,leaf,0.5,0,1093,0.0,0.0,0.0,0.7692,0.0
12(auto),80,10,leaf,1.0,0,1093,0.0,0.0,0.0,0.7692,0.0
UMAP-5D,10,1,eom,0.0,38,130,0.8811,0.1218,0.1073,0.1562,0.0168
UMAP-5D,10,1,eom,0.3,24,67,0.9387,0.1011,0.0949,0.2326,0.0221
UMAP-5D,10,1,eom,0.5,3,0,1.0,0.0565,0.0565,0.8696,0.0492
UMAP-5D,10,1,eom,1.0,2,0,1.0,0.038,0.038,1.0,0.038
UMAP-5D,10,1,leaf,0.0,46,185,0.8307,0.0848,0.0704,0.1316,0.0093
UMAP-5D,10,1,leaf,0.3,24,67,0.9387,0.1011,0.0949,0.2326,0.0221
UMAP-5D,10,1,leaf,0.5,3,0,1.0,0.0565,0.0565,0.8696,0.0492
UMAP-5D,10,1,leaf,1.0,2,0,1.0,0.038,0.038,1.0,0.038
UMAP-5D,10,3,eom,0.0,32,188,0.828,0.1129,0.0935,0.1818,0.017
UMAP-5D,10,3,eom,0.3,22,141,0.871,0.0939,0.0818,0.25,0.0205
UMAP-5D,10,3,eom,0.5,3,9,0.9918,0.0283,0.0281,0.8696,0.0244
UMAP-5D,10,3,eom,1.0,2,5,0.9954,0.0142,0.0141,1.0,0.0141
UMAP-5D,10,3,leaf,0.0,43,281,0.7429,0.1158,0.0861,0.1399,0.012
UMAP-5D,10,3,leaf,0.3,22,141,0.871,0.0939,0.0818,0.25,0.0205
UMAP-5D,10,3,leaf,0.5,3,9,0.9918,0.0283,0.0281,0.8696,0.0244
UMAP-5D,10,3,leaf,1.0,2,5,0.9954,0.0142,0.0141,1.0,0.0141
UMAP-5D,10,5,eom,0.0,28,250,0.7713,0.1192,0.092,0.2041,0.0188
UMAP-5D,10,5,eom,0.3,25,218,0.8005,0.1577,0.1263,0.2247,0.0284
UMAP-5D,10,5,eom,0.5,3,12,0.989,0.0063,0.0062,0.8696,0.0054
UMAP-5D,10,5,eom,1.0,2,12,0.989,0.0387,0.0383,1.0,0.0383
UMAP-5D,10,5,leaf,0.0,38,365,0.6661,0.1128,0.0752,0.1562,0.0117
UMAP-5D,10,5,leaf,0.3,25,218,0.8005,0.1577,0.1263,0.2247,0.0284
UMAP-5D,10,5,leaf,0.5,3,12,0.989,0.0063,0.0062,0.8696,0.0054
UMAP-5D,10,5,leaf,1.0,2,12,0.989,0.0387,0.0383,1.0,0.0383
UMAP-5D,10,10,eom,0.0,20,312,0.7145,0.1289,0.0921,0.2703,0.0249
UMAP-5D,10,10,eom,0.3,20,312,0.7145,0.1289,0.0921,0.2703,0.0249
UMAP-5D,10,10,eom,0.5,6,145,0.8673,0.0054,0.0047,0.625,0.0029
UMAP-5D,10,10,eom,1.0,2,23,0.979,0.0037,0.0036,1.0,0.0036
UMAP-5D,10,10,leaf,0.0,25,445,0.5929,0.1197,0.071,0.2247,0.0159
UMAP-5D,10,10,leaf,0.3,22,373,0.6587,0.164,0.108,0.25,0.027
UMAP-5D,10,10,leaf,0.5,6,145,0.8673,0.0054,0.0047,0.625,0.0029
UMAP-5D,10,10,leaf,1.0,2,23,0.979,0.0037,0.0036,1.0,0.0036
UMAP-5D,15,1,eom,0.0,24,121,0.8893,0.107,0.0952,0.2326,0.0221
UMAP-5D,15,1,eom,0.3,19,82,0.925,0.1016,0.0939,0.2817,0.0265
UMAP-5D,15,1,eom,0.5,3,0,1.0,0.0565,0.0565,0.8696,0.0492
UMAP-5D,15,1,eom,1.0,2,0,1.0,0.038,0.038,1.0,0.038
UMAP-5D,15,1,leaf,0.0,29,207,0.8106,0.0821,0.0666,0.198,0.0132
UMAP-5D,15,1,leaf,0.3,19,82,0.925,0.1016,0.0939,0.2817,0.0265
UMAP-5D,15,1,leaf,0.5,3,0,1.0,0.0565,0.0565,0.8696,0.0492
UMAP-5D,15,1,leaf,1.0,2,0,1.0,0.038,0.038,1.0,0.038
UMAP-5D,15,3,eom,0.0,23,160,0.8536,0.1174,0.1002,0.241,0.0241
UMAP-5D,15,3,eom,0.3,20,147,0.8655,0.0898,0.0778,0.2703,0.021
UMAP-5D,15,3,eom,0.5,3,9,0.9918,0.0283,0.0281,0.8696,0.0244
UMAP-5D,15,3,eom,1.0,2,5,0.9954,0.0142,0.0141,1.0,0.0141
UMAP-5D,15,3,leaf,0.0,25,203,0.8143,0.1101,0.0897,0.2247,0.0201
UMAP-5D,15,3,leaf,0.3,20,147,0.8655,0.0898,0.0778,0.2703,0.021
UMAP-5D,15,3,leaf,0.5,3,9,0.9918,0.0283,0.0281,0.8696,0.0244
UMAP-5D,15,3,leaf,1.0,2,5,0.9954,0.0142,0.0141,1.0,0.0141
UMAP-5D,15,5,eom,0.0,22,221,0.7978,0.1564,0.1247,0.25,0.0312
UMAP-5D,15,5,eom,0.3,22,221,0.7978,0.1564,0.1247,0.25,0.0312
UMAP-5D,15,5,eom,0.5,3,12,0.989,0.0063,0.0062,0.8696,0.0054
UMAP-5D,15,5,eom,1.0,2,12,0.989,0.0387,0.0383,1.0,0.0383
UMAP-5D,15,5,leaf,0.0,25,277,0.7466,0.1469,0.1096,0.2247,0.0246
UMAP-5D,15,5,leaf,0.3,22,221,0.7978,0.1564,0.1247,0.25,0.0312
UMAP-5D,15,5,leaf,0.5,3,12,0.989,0.0063,0.0062,0.8696,0.0054
UMAP-5D,15,5,leaf,1.0,2,12,0.989,0.0387,0.0383,1.0,0.0383
UMAP-5D,15,10,eom,0.0,20,312,0.7145,0.1289,0.0921,0.2703,0.0249
UMAP-5D,15,10,eom,0.3,20,312,0.7145,0.1289,0.0921,0.2703,0.0249
UMAP-5D,15,10,eom,0.5,6,145,0.8673,0.0054,0.0047,0.625,0.0029
UMAP-5D,15,10,eom,1.0,2,23,0.979,0.0037,0.0036,1.0,0.0036
UMAP-5D,15,10,leaf,0.0,20,312,0.7145,0.1289,0.0921,0.2703,0.0249
UMAP-5D,15,10,leaf,0.3,20,312,0.7145,0.1289,0.0921,0.2703,0.0249
UMAP-5D,15,10,leaf,0.5,6,145,0.8673,0.0054,0.0047,0.625,0.0029
UMAP-5D,15,10,leaf,1.0,2,23,0.979,0.0037,0.0036,1.0,0.0036
UMAP-5D,25,1,eom,0.0,20,93,0.9149,0.1053,0.0963,0.2703,0.026
UMAP-5D,25,1,eom,0.3,18,82,0.925,0.1009,0.0933,0.2941,0.0274
UMAP-5D,25,1,eom,0.5,3,0,1.0,0.0565,0.0565,0.8696,0.0492
UMAP-5D,25,1,eom,1.0,2,0,1.0,0.038,0.038,1.0,0.038
UMAP-5D,25,1,leaf,0.0,21,110,0.8994,0.106,0.0954,0.2597,0.0248
UMAP-5D,25,1,leaf,0.3,18,82,0.925,0.1009,0.0933,0.2941,0.0274
UMAP-5D,25,1,leaf,0.5,3,0,1.0,0.0565,0.0565,0.8696,0.0492
UMAP-5D,25,1,leaf,1.0,2,0,1.0,0.038,0.038,1.0,0.038
UMAP-5D,25,3,eom,0.0,20,148,0.8646,0.1488,0.1286,0.2703,0.0348
UMAP-5D,25,3,eom,0.3,18,143,0.8692,0.1221,0.1061,0.2941,0.0312
UMAP-5D,25,3,eom,0.5,3,9,0.9918,0.0283,0.0281,0.8696,0.0244
UMAP-5D,25,3,eom,1.0,2,5,0.9954,0.0142,0.0141,1.0,0.0141
UMAP-5D,25,3,leaf,0.0,21,156,0.8573,0.1582,0.1356,0.2597,0.0352
UMAP-5D,25,3,leaf,0.3,18,143,0.8692,0.1221,0.1061,0.2941,0.0312
UMAP-5D,25,3,leaf,0.5,3,9,0.9918,0.0283,0.0281,0.8696,0.0244
UMAP-5D,25,3,leaf,1.0,2,5,0.9954,0.0142,0.0141,1.0,0.0141
UMAP-5D,25,5,eom,0.0,19,227,0.7923,0.131,0.1038,0.2817,0.0292
UMAP-5D,25,5,eom,0.3,19,227,0.7923,0.131,0.1038,0.2817,0.0292
UMAP-5D,25,5,eom,0.5,3,12,0.989,0.0063,0.0062,0.8696,0.0054
UMAP-5D,25,5,eom,1.0,2,12,0.989,0.0387,0.0383,1.0,0.0383
UMAP-5D,25,5,leaf,0.0,20,259,0.763,0.1269,0.0968,0.2703,0.0262
UMAP-5D,25,5,leaf,0.3,19,227,0.7923,0.131,0.1038,0.2817,0.0292
UMAP-5D,25,5,leaf,0.5,3,12,0.989,0.0063,0.0062,0.8696,0.0054
UMAP-5D,25,5,leaf,1.0,2,12,0.989,0.0387,0.0383,1.0,0.0383
UMAP-5D,25,10,eom,0.0,10,248,0.7731,0.0554,0.0429,0.4545,0.0195
UMAP-5D,25,10,eom,0.3,10,248,0.7731,0.0554,0.0429,0.4545,0.0195
UMAP-5D,25,10,eom,0.5,5,117,0.893,0.0065,0.0058,0.6897,0.004
UMAP-5D,25,10,eom,1.0,2,23,0.979,0.0037,0.0036,1.0,0.0036
UMAP-5D,25,10,leaf,0.0,16,326,0.7017,0.1162,0.0815,0.3226,0.0263
UMAP-5D,25,10,leaf,0.3,16,326,0.7017,0.1162,0.0815,0.3226,0.0263
UMAP-5D,25,10,leaf,0.5,5,117,0.893,0.0065,0.0058,0.6897,0.004
UMAP-5D,25,10,leaf,1.0,2,23,0.979,0.0037,0.0036,1.0,0.0036
UMAP-5D,40,1,eom,0.0,13,151,0.8618,0.098,0.0845,0.3774,0.0319
UMAP-5D,40,1,eom,0.3,13,151,0.8618,0.098,0.0845,0.3774,0.0319
UMAP-5D,40,1,eom,0.5,3,0,1.0,0.0565,0.0565,0.8696,0.0492
UMAP-5D,40,1,eom,1.0,2,0,1.0,0.038,0.038,1.0,0.038
UMAP-5D,40,1,leaf,0.0,14,168,0.8463,0.0987,0.0836,0.3571,0.0298
UMAP-5D,40,1,leaf,0.3,13,151,0.8618,0.098,0.0845,0.3774,0.0319
UMAP-5D,40,1,leaf,0.5,3,0,1.0,0.0565,0.0565,0.8696,0.0492
UMAP-5D,40,1,leaf,1.0,2,0,1.0,0.038,0.038,1.0,0.038
UMAP-5D,40,3,eom,0.0,13,241,0.7795,0.1976,0.1541,0.3774,0.0581
UMAP-5D,40,3,eom,0.3,13,241,0.7795,0.1976,0.1541,0.3774,0.0581
UMAP-5D,40,3,eom,0.5,3,9,0.9918,0.0283,0.0281,0.8696,0.0244
UMAP-5D,40,3,eom,1.0,2,5,0.9954,0.0142,0.0141,1.0,0.0141
UMAP-5D,40,3,leaf,0.0,13,241,0.7795,0.1976,0.1541,0.3774,0.0581
UMAP-5D,40,3,leaf,0.3,13,241,0.7795,0.1976,0.1541,0.3774,0.0581
UMAP-5D,40,3,leaf,0.5,3,9,0.9918,0.0283,0.0281,0.8696,0.0244
UMAP-5D,40,3,leaf,1.0,2,5,0.9954,0.0142,0.0141,1.0,0.0141
UMAP-5D,40,5,eom,0.0,8,198,0.8188,0.2575,0.2108,0.5263,0.111
UMAP-5D,40,5,eom,0.3,8,198,0.8188,0.2575,0.2108,0.5263,0.111
UMAP-5D,40,5,eom,0.5,3,12,0.989,0.0063,0.0062,0.8696,0.0054
UMAP-5D,40,5,eom,1.0,2,12,0.989,0.0387,0.0383,1.0,0.0383
UMAP-5D,40,5,leaf,0.0,12,293,0.7319,0.1519,0.1112,0.4,0.0445
UMAP-5D,40,5,leaf,0.3,12,293,0.7319,0.1519,0.1112,0.4,0.0445
UMAP-5D,40,5,leaf,0.5,3,12,0.989,0.0063,0.0062,0.8696,0.0054
UMAP-5D,40,5,leaf,1.0,2,12,0.989,0.0387,0.0383,1.0,0.0383
UMAP-5D,40,10,eom,0.0,4,40,0.9634,0.3314,0.3193,0.7692,0.2456
UMAP-5D,40,10,eom,0.3,4,40,0.9634,0.3314,0.3193,0.7692,0.2456
UMAP-5D,40,10,eom,0.5,4,40,0.9634,0.3314,0.3193,0.7692,0.2456
UMAP-5D,40,10,eom,1.0,2,23,0.979,0.0037,0.0036,1.0,0.0036
UMAP-5D,40,10,leaf,0.0,10,441,0.5965,0.054,0.0322,0.4545,0.0146
UMAP-5D,40,10,leaf,0.3,10,441,0.5965,0.054,0.0322,0.4545,0.0146
UMAP-5D,40,10,leaf,0.5,4,40,0.9634,0.3314,0.3193,0.7692,0.2456
UMAP-5D,40,10,leaf,1.0,2,23,0.979,0.0037,0.0036,1.0,0.0036
UMAP-5D,60,1,eom,0.0,2,40,0.9634,0.0357,0.0344,1.0,0.0344
UMAP-5D,60,1,eom,0.3,2,40,0.9634,0.0357,0.0344,1.0,0.0344
UMAP-5D,60,1,eom,0.5,2,40,0.9634,0.0357,0.0344,1.0,0.0344
UMAP-5D,60,1,eom,1.0,2,40,0.9634,0.0357,0.0344,1.0,0.0344
UMAP-5D,60,1,leaf,0.0,8,230,0.7896,0.0671,0.053,0.5263,0.0279
UMAP-5D,60,1,leaf,0.3,8,230,0.7896,0.0671,0.053,0.5263,0.0279
UMAP-5D,60,1,leaf,0.5,2,40,0.9634,0.0357,0.0344,1.0,0.0344
UMAP-5D,60,1,leaf,1.0,2,40,0.9634,0.0357,0.0344,1.0,0.0344
UMAP-5D,60,3,eom,0.0,2,49,0.9552,0.0013,0.0012,1.0,0.0012
UMAP-5D,60,3,eom,0.3,2,49,0.9552,0.0013,0.0012,1.0,0.0012
UMAP-5D,60,3,eom,0.5,2,49,0.9552,0.0013,0.0012,1.0,0.0012
UMAP-5D,60,3,eom,1.0,2,49,0.9552,0.0013,0.0012,1.0,0.0012
UMAP-5D,60,3,leaf,0.0,8,319,0.7081,0.23,0.1629,0.5263,0.0857
UMAP-5D,60,3,leaf,0.3,8,319,0.7081,0.23,0.1629,0.5263,0.0857
UMAP-5D,60,3,leaf,0.5,2,49,0.9552,0.0013,0.0012,1.0,0.0012
UMAP-5D,60,3,leaf,1.0,2,49,0.9552,0.0013,0.0012,1.0,0.0012
UMAP-5D,60,5,eom,0.0,7,239,0.7813,0.2951,0.2306,0.5714,0.1318
UMAP-5D,60,5,eom,0.3,7,239,0.7813,0.2951,0.2306,0.5714,0.1318
UMAP-5D,60,5,eom,0.5,2,12,0.989,0.0387,0.0383,1.0,0.0383
UMAP-5D,60,5,eom,1.0,2,12,0.989,0.0387,0.0383,1.0,0.0383
UMAP-5D,60,5,leaf,0.0,7,239,0.7813,0.2951,0.2306,0.5714,0.1318
UMAP-5D,60,5,leaf,0.3,7,239,0.7813,0.2951,0.2306,0.5714,0.1318
UMAP-5D,60,5,leaf,0.5,2,12,0.989,0.0387,0.0383,1.0,0.0383
UMAP-5D,60,5,leaf,1.0,2,12,0.989,0.0387,0.0383,1.0,0.0383
UMAP-5D,60,10,eom,0.0,3,40,0.9634,0.3263,0.3144,0.8696,0.2734
UMAP-5D,60,10,eom,0.3,3,40,0.9634,0.3263,0.3144,0.8696,0.2734
UMAP-5D,60,10,eom,0.5,3,40,0.9634,0.3263,0.3144,0.8696,0.2734
UMAP-5D,60,10,eom,1.0,2,23,0.979,0.0037,0.0036,1.0,0.0036
UMAP-5D,60,10,leaf,0.0,6,264,0.7585,0.046,0.0349,0.625,0.0218
UMAP-5D,60,10,leaf,0.3,6,264,0.7585,0.046,0.0349,0.625,0.0218
UMAP-5D,60,10,leaf,0.5,3,40,0.9634,0.3263,0.3144,0.8696,0.2734
UMAP-5D,60,10,leaf,1.0,2,23,0.979,0.0037,0.0036,1.0,0.0036
UMAP-5D,80,1,eom,0.0,2,40,0.9634,0.0357,0.0344,1.0,0.0344
UMAP-5D,80,1,eom,0.3,2,40,0.9634,0.0357,0.0344,1.0,0.0344
UMAP-5D,80,1,eom,0.5,2,40,0.9634,0.0357,0.0344,1.0,0.0344
UMAP-5D,80,1,eom,1.0,2,40,0.9634,0.0357,0.0344,1.0,0.0344
UMAP-5D,80,1,leaf,0.0,7,205,0.8124,0.0658,0.0535,0.5714,0.0306
UMAP-5D,80,1,leaf,0.3,7,205,0.8124,0.0658,0.0535,0.5714,0.0306
UMAP-5D,80,1,leaf,0.5,2,40,0.9634,0.0357,0.0344,1.0,0.0344
UMAP-5D,80,1,leaf,1.0,2,40,0.9634,0.0357,0.0344,1.0,0.0344
UMAP-5D,80,3,eom,0.0,4,259,0.763,0.2675,0.2041,0.7692,0.157
UMAP-5D,80,3,eom,0.3,4,259,0.763,0.2675,0.2041,0.7692,0.157
UMAP-5D,80,3,eom,0.5,2,198,0.8188,0.0011,0.0009,1.0,0.0009
UMAP-5D,80,3,eom,1.0,2,198,0.8188,0.0011,0.0009,1.0,0.0009
UMAP-5D,80,3,leaf,0.0,5,325,0.7027,0.0559,0.0393,0.6897,0.0271
UMAP-5D,80,3,leaf,0.3,5,325,0.7027,0.0559,0.0393,0.6897,0.0271
UMAP-5D,80,3,leaf,0.5,2,198,0.8188,0.0011,0.0009,1.0,0.0009
UMAP-5D,80,3,leaf,1.0,2,198,0.8188,0.0011,0.0009,1.0,0.0009
UMAP-5D,80,5,eom,0.0,2,164,0.85,0.0092,0.0078,1.0,0.0078
UMAP-5D,80,5,eom,0.3,2,164,0.85,0.0092,0.0078,1.0,0.0078
UMAP-5D,80,5,eom,0.5,2,164,0.85,0.0092,0.0078,1.0,0.0078
UMAP-5D,80,5,eom,1.0,2,164,0.85,0.0092,0.0078,1.0,0.0078
UMAP-5D,80,5,leaf,0.0,4,462,0.5773,0.2569,0.1483,0.7692,0.1141
UMAP-5D,80,5,leaf,0.3,4,462,0.5773,0.2569,0.1483,0.7692,0.1141
UMAP-5D,80,5,leaf,0.5,2,164,0.85,0.0092,0.0078,1.0,0.0078
UMAP-5D,80,5,leaf,1.0,2,164,0.85,0.0092,0.0078,1.0,0.0078
UMAP-5D,80,10,eom,0.0,3,40,0.9634,0.3263,0.3144,0.8696,0.2734
UMAP-5D,80,10,eom,0.3,3,40,0.9634,0.3263,0.3144,0.8696,0.2734
UMAP-5D,80,10,eom,0.5,3,40,0.9634,0.3263,0.3144,0.8696,0.2734
UMAP-5D,80,10,eom,1.0,2,23,0.979,0.0037,0.0036,1.0,0.0036
UMAP-5D,80,10,leaf,0.0,3,40,0.9634,0.3263,0.3144,0.8696,0.2734
UMAP-5D,80,10,leaf,0.3,3,40,0.9634,0.3263,0.3144,0.8696,0.2734
UMAP-5D,80,10,leaf,0.5,3,40,0.9634,0.3263,0.3144,0.8696,0.2734
UMAP-5D,80,10,leaf,1.0,2,23,0.979,0.0037,0.0036,1.0,0.0036
UMAP-10D,10,1,eom,0.0,40,154,0.8591,0.133,0.1143,0.1493,0.0171
UMAP-10D,10,1,eom,0.3,22,69,0.9369,0.1403,0.1314,0.25,0.0329
UMAP-10D,10,1,eom,0.5,2,2,0.9982,0.0514,0.0514,1.0,0.0514
UMAP-10D,10,1,eom,1.0,2,2,0.9982,0.0514,0.0514,1.0,0.0514
UMAP-10D,10,1,leaf,0.0,50,218,0.8005,0.1245,0.0996,0.122,0.0122
UMAP-10D,10,1,leaf,0.3,22,69,0.9369,0.1403,0.1314,0.25,0.0329
UMAP-10D,10,1,leaf,0.5,2,2,0.9982,0.0514,0.0514,1.0,0.0514
UMAP-10D,10,1,leaf,1.0,2,2,0.9982,0.0514,0.0514,1.0,0.0514
UMAP-10D,10,3,eom,0.0,37,237,0.7832,0.1096,0.0858,0.16,0.0137
UMAP-10D,10,3,eom,0.3,23,124,0.8866,0.0852,0.0756,0.241,0.0182
UMAP-10D,10,3,eom,0.5,2,10,0.9909,0.0119,0.0117,1.0,0.0117
UMAP-10D,10,3,eom,1.0,2,10,0.9909,0.0119,0.0117,1.0,0.0117
UMAP-10D,10,3,leaf,0.0,42,301,0.7246,0.12,0.087,0.1429,0.0124
UMAP-10D,10,3,leaf,0.3,23,124,0.8866,0.0852,0.0756,0.241,0.0182
UMAP-10D,10,3,leaf,0.5,2,10,0.9909,0.0119,0.0117,1.0,0.0117
UMAP-10D,10,3,leaf,1.0,2,10,0.9909,0.0119,0.0117,1.0,0.0117
UMAP-10D,10,5,eom,0.0,27,242,0.7786,0.2155,0.1677,0.2105,0.0353
UMAP-10D,10,5,eom,0.3,25,235,0.785,0.2294,0.1801,0.2247,0.0405
UMAP-10D,10,5,eom,0.5,2,12,0.989,0.0059,0.0059,1.0,0.0059
UMAP-10D,10,5,eom,1.0,2,12,0.989,0.0059,0.0059,1.0,0.0059
UMAP-10D,10,5,leaf,0.0,37,380,0.6523,0.1527,0.0996,0.16,0.0159
UMAP-10D,10,5,leaf,0.3,25,235,0.785,0.2294,0.1801,0.2247,0.0405
UMAP-10D,10,5,leaf,0.5,2,12,0.989,0.0059,0.0059,1.0,0.0059
UMAP-10D,10,5,leaf,1.0,2,12,0.989,0.0059,0.0059,1.0,0.0059
UMAP-10D,10,10,eom,0.0,20,368,0.6633,0.099,0.0657,0.2703,0.0178
UMAP-10D,10,10,eom,0.3,20,368,0.6633,0.099,0.0657,0.2703,0.0178
UMAP-10D,10,10,eom,0.5,5,99,0.9094,0.008,0.0073,0.6897,0.005
UMAP-10D,10,10,eom,1.0,2,20,0.9817,0.0035,0.0034,1.0,0.0034
UMAP-10D,10,10,leaf,0.0,24,473,0.5672,0.1724,0.0978,0.2326,0.0227
UMAP-10D,10,10,leaf,0.3,23,436,0.6011,0.1495,0.0898,0.241,0.0217
UMAP-10D,10,10,leaf,0.5,5,99,0.9094,0.008,0.0073,0.6897,0.005
UMAP-10D,10,10,leaf,1.0,2,20,0.9817,0.0035,0.0034,1.0,0.0034
UMAP-10D,15,1,eom,0.0,27,146,0.8664,0.137,0.1187,0.2105,0.025
UMAP-10D,15,1,eom,0.3,19,92,0.9158,0.1221,0.1118,0.2817,0.0315
UMAP-10D,15,1,eom,0.5,2,2,0.9982,0.0514,0.0514,1.0,0.0514
UMAP-10D,15,1,eom,1.0,2,2,0.9982,0.0514,0.0514,1.0,0.0514
UMAP-10D,15,1,leaf,0.0,29,202,0.8152,0.106,0.0864,0.198,0.0171
UMAP-10D,15,1,leaf,0.3,19,92,0.9158,0.1221,0.1118,0.2817,0.0315
UMAP-10D,15,1,leaf,0.5,2,2,0.9982,0.0514,0.0514,1.0,0.0514
UMAP-10D,15,1,leaf,1.0,2,2,0.9982,0.0514,0.0514,1.0,0.0514
UMAP-10D,15,3,eom,0.0,23,188,0.828,0.1405,0.1163,0.241,0.028
UMAP-10D,15,3,eom,0.3,19,158,0.8554,0.129,0.1104,0.2817,0.0311
UMAP-10D,15,3,eom,0.5,2,10,0.9909,0.0119,0.0117,1.0,0.0117
UMAP-10D,15,3,eom,1.0,2,10,0.9909,0.0119,0.0117,1.0,0.0117
UMAP-10D,15,3,leaf,0.0,25,217,0.8015,0.1972,0.1581,0.2247,0.0355
UMAP-10D,15,3,leaf,0.3,19,158,0.8554,0.129,0.1104,0.2817,0.0311
UMAP-10D,15,3,leaf,0.5,2,10,0.9909,0.0119,0.0117,1.0,0.0117
UMAP-10D,15,3,leaf,1.0,2,10,0.9909,0.0119,0.0117,1.0,0.0117
UMAP-10D,15,5,eom,0.0,21,248,0.7731,0.1928,0.1491,0.2597,0.0387
UMAP-10D,15,5,eom,0.3,21,248,0.7731,0.1928,0.1491,0.2597,0.0387
UMAP-10D,15,5,eom,0.5,2,12,0.989,0.0059,0.0059,1.0,0.0059
UMAP-10D,15,5,eom,1.0,2,12,0.989,0.0059,0.0059,1.0,0.0059
UMAP-10D,15,5,leaf,0.0,25,310,0.7164,0.2288,0.1639,0.2247,0.0368
UMAP-10D,15,5,leaf,0.3,21,248,0.7731,0.1928,0.1491,0.2597,0.0387
UMAP-10D,15,5,leaf,0.5,2,12,0.989,0.0059,0.0059,1.0,0.0059
UMAP-10D,15,5,leaf,1.0,2,12,0.989,0.0059,0.0059,1.0,0.0059
UMAP-10D,15,10,eom,0.0,17,367,0.6642,0.1723,0.1144,0.3077,0.0352
UMAP-10D,15,10,eom,0.3,17,367,0.6642,0.1723,0.1144,0.3077,0.0352
UMAP-10D,15,10,eom,0.5,4,97,0.9113,0.0081,0.0074,0.7692,0.0057
UMAP-10D,15,10,eom,1.0,2,20,0.9817,0.0035,0.0034,1.0,0.0034
UMAP-10D,15,10,leaf,0.0,18,398,0.6359,0.1842,0.1171,0.2941,0.0345
UMAP-10D,15,10,leaf,0.3,18,398,0.6359,0.1842,0.1171,0.2941,0.0345
UMAP-10D,15,10,leaf,0.5,4,97,0.9113,0.0081,0.0074,0.7692,0.0057
UMAP-10D,15,10,leaf,1.0,2,20,0.9817,0.0035,0.0034,1.0,0.0034
UMAP-10D,25,1,eom,0.0,20,128,0.8829,0.1344,0.1187,0.2703,0.0321
UMAP-10D,25,1,eom,0.3,17,108,0.9012,0.12,0.1081,0.3077,0.0333
UMAP-10D,25,1,eom,0.5,2,2,0.9982,0.0514,0.0514,1.0,0.0514
UMAP-10D,25,1,eom,1.0,2,2,0.9982,0.0514,0.0514,1.0,0.0514
UMAP-10D,25,1,leaf,0.0,20,128,0.8829,0.1344,0.1187,0.2703,0.0321
UMAP-10D,25,1,leaf,0.3,17,108,0.9012,0.12,0.1081,0.3077,0.0333
UMAP-10D,25,1,leaf,0.5,2,2,0.9982,0.0514,0.0514,1.0,0.0514
UMAP-10D,25,1,leaf,1.0,2,2,0.9982,0.0514,0.0514,1.0,0.0514
UMAP-10D,25,3,eom,0.0,17,182,0.8335,0.1703,0.1419,0.3077,0.0437
UMAP-10D,25,3,eom,0.3,16,179,0.8362,0.1588,0.1328,0.3226,0.0428
UMAP-10D,25,3,eom,0.5,2,10,0.9909,0.0119,0.0117,1.0,0.0117
UMAP-10D,25,3,eom,1.0,2,10,0.9909,0.0119,0.0117,1.0,0.0117
UMAP-10D,25,3,leaf,0.0,19,206,0.8115,0.1669,0.1354,0.2817,0.0382
UMAP-10D,25,3,leaf,0.3,16,179,0.8362,0.1588,0.1328,0.3226,0.0428
UMAP-10D,25,3,leaf,0.5,2,10,0.9909,0.0119,0.0117,1.0,0.0117
UMAP-10D,25,3,leaf,1.0,2,10,0.9909,0.0119,0.0117,1.0,0.0117
UMAP-10D,25,5,eom,0.0,12,180,0.8353,0.1114,0.093,0.4,0.0372
UMAP-10D,25,5,eom,0.3,12,180,0.8353,0.1114,0.093,0.4,0.0372
UMAP-10D,25,5,eom,0.5,2,12,0.989,0.0059,0.0059,1.0,0.0059
UMAP-10D,25,5,eom,1.0,2,12,0.989,0.0059,0.0059,1.0,0.0059
UMAP-10D,25,5,leaf,0.0,17,316,0.7109,0.1435,0.102,0.3077,0.0314
UMAP-10D,25,5,leaf,0.3,17,316,0.7109,0.1435,0.102,0.3077,0.0314
UMAP-10D,25,5,leaf,0.5,2,12,0.989,0.0059,0.0059,1.0,0.0059
UMAP-10D,25,5,leaf,1.0,2,12,0.989,0.0059,0.0059,1.0,0.0059
UMAP-10D,25,10,eom,0.0,13,289,0.7356,0.0661,0.0486,0.3774,0.0183
UMAP-10D,25,10,eom,0.3,13,289,0.7356,0.0661,0.0486,0.3774,0.0183
UMAP-10D,25,10,eom,0.5,4,97,0.9113,0.0081,0.0074,0.7692,0.0057
UMAP-10D,25,10,eom,1.0,2,20,0.9817,0.0035,0.0034,1.0,0.0034
UMAP-10D,25,10,leaf,0.0,14,323,0.7045,0.1154,0.0813,0.3571,0.029
UMAP-10D,25,10,leaf,0.3,14,323,0.7045,0.1154,0.0813,0.3571,0.029
UMAP-10D,25,10,leaf,0.5,4,97,0.9113,0.0081,0.0074,0.7692,0.0057
UMAP-10D,25,10,leaf,1.0,2,20,0.9817,0.0035,0.0034,1.0,0.0034
UMAP-10D,40,1,eom,0.0,8,36,0.9671,0.0555,0.0537,0.5263,0.0283
UMAP-10D,40,1,eom,0.3,7,36,0.9671,0.0452,0.0437,0.5714,0.025
UMAP-10D,40,1,eom,0.5,2,2,0.9982,0.0514,0.0514,1.0,0.0514
UMAP-10D,40,1,eom,1.0,2,2,0.9982,0.0514,0.0514,1.0,0.0514
UMAP-10D,40,1,leaf,0.0,14,215,0.8033,0.1771,0.1423,0.3571,0.0508
UMAP-10D,40,1,leaf,0.3,13,215,0.8033,0.1667,0.1339,0.3774,0.0505
UMAP-10D,40,1,leaf,0.5,2,2,0.9982,0.0514,0.0514,1.0,0.0514
UMAP-10D,40,1,leaf,1.0,2,2,0.9982,0.0514,0.0514,1.0,0.0514
UMAP-10D,40,3,eom,0.0,13,232,0.7877,0.1722,0.1357,0.3774,0.0512
UMAP-10D,40,3,eom,0.3,13,232,0.7877,0.1722,0.1357,0.3774,0.0512
UMAP-10D,40,3,eom,0.5,2,10,0.9909,0.0119,0.0117,1.0,0.0117
UMAP-10D,40,3,eom,1.0,2,10,0.9909,0.0119,0.0117,1.0,0.0117
UMAP-10D,40,3,leaf,0.0,14,247,0.774,0.1742,0.1349,0.3571,0.0482
UMAP-10D,40,3,leaf,0.3,14,247,0.774,0.1742,0.1349,0.3571,0.0482
UMAP-10D,40,3,leaf,0.5,2,10,0.9909,0.0119,0.0117,1.0,0.0117
UMAP-10D,40,3,leaf,1.0,2,10,0.9909,0.0119,0.0117,1.0,0.0117
UMAP-10D,40,5,eom,0.0,6,37,0.9661,0.0194,0.0187,0.625,0.0117
UMAP-10D,40,5,eom,0.3,6,37,0.9661,0.0194,0.0187,0.625,0.0117
UMAP-10D,40,5,eom,0.5,2,12,0.989,0.0059,0.0059,1.0,0.0059
UMAP-10D,40,5,eom,1.0,2,12,0.989,0.0059,0.0059,1.0,0.0059
UMAP-10D,40,5,leaf,0.0,12,240,0.7804,0.2218,0.1731,0.4,0.0693
UMAP-10D,40,5,leaf,0.3,12,240,0.7804,0.2218,0.1731,0.4,0.0693
UMAP-10D,40,5,leaf,0.5,2,12,0.989,0.0059,0.0059,1.0,0.0059
UMAP-10D,40,5,leaf,1.0,2,12,0.989,0.0059,0.0059,1.0,0.0059
UMAP-10D,40,10,eom,0.0,3,73,0.9332,0.2842,0.2653,0.8696,0.2307
UMAP-10D,40,10,eom,0.3,3,73,0.9332,0.2842,0.2653,0.8696,0.2307
UMAP-10D,40,10,eom,0.5,3,73,0.9332,0.2842,0.2653,0.8696,0.2307
UMAP-10D,40,10,eom,1.0,2,20,0.9817,0.0035,0.0034,1.0,0.0034
UMAP-10D,40,10,leaf,0.0,10,280,0.7438,0.0781,0.0581,0.4545,0.0264
UMAP-10D,40,10,leaf,0.3,10,280,0.7438,0.0781,0.0581,0.4545,0.0264
UMAP-10D,40,10,leaf,0.5,4,97,0.9113,0.0081,0.0074,0.7692,0.0057
UMAP-10D,40,10,leaf,1.0,2,20,0.9817,0.0035,0.0034,1.0,0.0034
UMAP-10D,60,1,eom,0.0,4,52,0.9524,0.08,0.0762,0.7692,0.0586
UMAP-10D,60,1,eom,0.3,4,52,0.9524,0.08,0.0762,0.7692,0.0586
UMAP-10D,60,1,eom,0.5,2,2,0.9982,0.0514,0.0514,1.0,0.0514
UMAP-10D,60,1,eom,1.0,2,2,0.9982,0.0514,0.0514,1.0,0.0514
UMAP-10D,60,1,leaf,0.0,9,391,0.6423,0.167,0.1073,0.4878,0.0523
UMAP-10D,60,1,leaf,0.3,9,391,0.6423,0.167,0.1073,0.4878,0.0523
UMAP-10D,60,1,leaf,0.5,2,2,0.9982,0.0514,0.0514,1.0,0.0514
UMAP-10D,60,1,leaf,1.0,2,2,0.9982,0.0514,0.0514,1.0,0.0514
UMAP-10D,60,3,eom,0.0,4,63,0.9424,0.0185,0.0175,0.7692,0.0134
UMAP-10D,60,3,eom,0.3,4,63,0.9424,0.0185,0.0175,0.7692,0.0134
UMAP-10D,60,3,eom,0.5,2,10,0.9909,0.0119,0.0117,1.0,0.0117
UMAP-10D,60,3,eom,1.0,2,10,0.9909,0.0119,0.0117,1.0,0.0117
UMAP-10D,60,3,leaf,0.0,8,340,0.6889,0.1325,0.0913,0.5263,0.048
UMAP-10D,60,3,leaf,0.3,8,340,0.6889,0.1325,0.0913,0.5263,0.048
UMAP-10D,60,3,leaf,0.5,2,10,0.9909,0.0119,0.0117,1.0,0.0117
UMAP-10D,60,3,leaf,1.0,2,10,0.9909,0.0119,0.0117,1.0,0.0117
UMAP-10D,60,5,eom,0.0,5,36,0.9671,0.0948,0.0917,0.6897,0.0633
UMAP-10D,60,5,eom,0.3,5,36,0.9671,0.0948,0.0917,0.6897,0.0633
UMAP-10D,60,5,eom,0.5,2,12,0.989,0.0059,0.0059,1.0,0.0059
UMAP-10D,60,5,eom,1.0,2,12,0.989,0.0059,0.0059,1.0,0.0059
UMAP-10D,60,5,leaf,0.0,6,334,0.6944,0.1621,0.1126,0.625,0.0703
UMAP-10D,60,5,leaf,0.3,6,334,0.6944,0.1621,0.1126,0.625,0.0703
UMAP-10D,60,5,leaf,0.5,2,12,0.989,0.0059,0.0059,1.0,0.0059
UMAP-10D,60,5,leaf,1.0,2,12,0.989,0.0059,0.0059,1.0,0.0059
UMAP-10D,60,10,eom,0.0,2,20,0.9817,0.0035,0.0034,1.0,0.0034
UMAP-10D,60,10,eom,0.3,2,20,0.9817,0.0035,0.0034,1.0,0.0034
UMAP-10D,60,10,eom,0.5,2,20,0.9817,0.0035,0.0034,1.0,0.0034
UMAP-10D,60,10,eom,1.0,2,20,0.9817,0.0035,0.0034,1.0,0.0034
UMAP-10D,60,10,leaf,0.0,7,273,0.7502,0.2148,0.1612,0.5714,0.0921
UMAP-10D,60,10,leaf,0.3,7,273,0.7502,0.2148,0.1612,0.5714,0.0921
UMAP-10D,60,10,leaf,0.5,4,97,0.9113,0.0081,0.0074,0.7692,0.0057
UMAP-10D,60,10,leaf,1.0,2,20,0.9817,0.0035,0.0034,1.0,0.0034
UMAP-10D,80,1,eom,0.0,2,2,0.9982,0.0514,0.0514,1.0,0.0514
UMAP-10D,80,1,eom,0.3,2,2,0.9982,0.0514,0.0514,1.0,0.0514
UMAP-10D,80,1,eom,0.5,2,2,0.9982,0.0514,0.0514,1.0,0.0514
UMAP-10D,80,1,eom,1.0,2,2,0.9982,0.0514,0.0514,1.0,0.0514
UMAP-10D,80,1,leaf,0.0,3,268,0.7548,0.3819,0.2883,0.8696,0.2507
UMAP-10D,80,1,leaf,0.3,3,268,0.7548,0.3819,0.2883,0.8696,0.2507
UMAP-10D,80,1,leaf,0.5,2,2,0.9982,0.0514,0.0514,1.0,0.0514
UMAP-10D,80,1,leaf,1.0,2,2,0.9982,0.0514,0.0514,1.0,0.0514
UMAP-10D,80,3,eom,0.0,3,13,0.9881,0.0174,0.0172,0.8696,0.0149
UMAP-10D,80,3,eom,0.3,3,13,0.9881,0.0174,0.0172,0.8696,0.0149
UMAP-10D,80,3,eom,0.5,2,10,0.9909,0.0119,0.0117,1.0,0.0117
UMAP-10D,80,3,eom,1.0,2,10,0.9909,0.0119,0.0117,1.0,0.0117
UMAP-10D,80,3,leaf,0.0,5,483,0.5581,0.0803,0.0448,0.6897,0.0309
UMAP-10D,80,3,leaf,0.3,5,483,0.5581,0.0803,0.0448,0.6897,0.0309
UMAP-10D,80,3,leaf,0.5,2,10,0.9909,0.0119,0.0117,1.0,0.0117
UMAP-10D,80,3,leaf,1.0,2,10,0.9909,0.0119,0.0117,1.0,0.0117
UMAP-10D,80,5,eom,0.0,4,30,0.9726,0.0146,0.0142,0.7692,0.0109
UMAP-10D,80,5,eom,0.3,4,30,0.9726,0.0146,0.0142,0.7692,0.0109
UMAP-10D,80,5,eom,0.5,2,12,0.989,0.0059,0.0059,1.0,0.0059
UMAP-10D,80,5,eom,1.0,2,12,0.989,0.0059,0.0059,1.0,0.0059
UMAP-10D,80,5,leaf,0.0,5,328,0.6999,0.0818,0.0573,0.6897,0.0395
UMAP-10D,80,5,leaf,0.3,5,328,0.6999,0.0818,0.0573,0.6897,0.0395
UMAP-10D,80,5,leaf,0.5,2,12,0.989,0.0059,0.0059,1.0,0.0059
UMAP-10D,80,5,leaf,1.0,2,12,0.989,0.0059,0.0059,1.0,0.0059
UMAP-10D,80,10,eom,0.0,3,44,0.9597,0.3544,0.3402,0.8696,0.2958
UMAP-10D,80,10,eom,0.3,3,44,0.9597,0.3544,0.3402,0.8696,0.2958
UMAP-10D,80,10,eom,0.5,3,44,0.9597,0.3544,0.3402,0.8696,0.2958
UMAP-10D,80,10,eom,1.0,2,20,0.9817,0.0035,0.0034,1.0,0.0034
UMAP-10D,80,10,leaf,0.0,5,171,0.8435,0.0713,0.0601,0.6897,0.0415
UMAP-10D,80,10,leaf,0.3,5,171,0.8435,0.0713,0.0601,0.6897,0.0415
UMAP-10D,80,10,leaf,0.5,4,97,0.9113,0.0081,0.0074,0.7692,0.0057
UMAP-10D,80,10,leaf,1.0,2,20,0.9817,0.0035,0.0034,1.0,0.0034
UMAP-15D,10,1,eom,0.0,33,149,0.8637,0.123,0.1063,0.177,0.0188
UMAP-15D,10,1,eom,0.3,20,75,0.9314,0.1017,0.0948,0.2703,0.0256
UMAP-15D,10,1,eom,0.5,3,1,0.9991,0.0482,0.0481,0.8696,0.0419
UMAP-15D,10,1,eom,1.0,2,1,0.9991,0.0576,0.0575,1.0,0.0575
UMAP-15D,10,1,leaf,0.0,42,213,0.8051,0.1051,0.0846,0.1429,0.0121
UMAP-15D,10,1,leaf,0.3,20,75,0.9314,0.1017,0.0948,0.2703,0.0256
UMAP-15D,10,1,leaf,0.5,3,1,0.9991,0.0482,0.0481,0.8696,0.0419
UMAP-15D,10,1,leaf,1.0,2,1,0.9991,0.0576,0.0575,1.0,0.0575
UMAP-15D,10,3,eom,0.0,34,214,0.8042,0.1675,0.1347,0.1724,0.0232
UMAP-15D,10,3,eom,0.3,26,149,0.8637,0.0813,0.0702,0.2174,0.0153
UMAP-15D,10,3,eom,0.5,3,9,0.9918,0.0145,0.0143,0.8696,0.0125
UMAP-15D,10,3,eom,1.0,2,3,0.9973,0.0173,0.0173,1.0,0.0173
UMAP-15D,10,3,leaf,0.0,41,263,0.7594,0.1345,0.1022,0.146,0.0149
UMAP-15D,10,3,leaf,0.3,26,149,0.8637,0.0813,0.0702,0.2174,0.0153
UMAP-15D,10,3,leaf,0.5,3,9,0.9918,0.0145,0.0143,0.8696,0.0125
UMAP-15D,10,3,leaf,1.0,2,3,0.9973,0.0173,0.0173,1.0,0.0173
UMAP-15D,10,5,eom,0.0,26,260,0.7621,0.1709,0.1302,0.2174,0.0283
UMAP-15D,10,5,eom,0.3,23,247,0.774,0.1721,0.1332,0.241,0.0321
UMAP-15D,10,5,eom,0.5,5,19,0.9826,0.0371,0.0365,0.6897,0.0252
UMAP-15D,10,5,eom,1.0,2,14,0.9872,0.0013,0.0013,1.0,0.0013
UMAP-15D,10,5,leaf,0.0,33,335,0.6935,0.1024,0.071,0.177,0.0126
UMAP-15D,10,5,leaf,0.3,26,264,0.7585,0.1534,0.1163,0.2174,0.0253
UMAP-15D,10,5,leaf,0.5,5,19,0.9826,0.0371,0.0365,0.6897,0.0252
UMAP-15D,10,5,leaf,1.0,2,14,0.9872,0.0013,0.0013,1.0,0.0013
UMAP-15D,10,10,eom,0.0,13,154,0.8591,0.0722,0.062,0.3774,0.0234
UMAP-15D,10,10,eom,0.3,13,154,0.8591,0.0722,0.062,0.3774,0.0234
UMAP-15D,10,10,eom,0.5,6,65,0.9405,0.0138,0.013,0.625,0.0081
UMAP-15D,10,10,eom,1.0,2,44,0.9597,0.0026,0.0025,1.0,0.0025
UMAP-15D,10,10,leaf,0.0,26,474,0.5663,0.1605,0.0909,0.2174,0.0198
UMAP-15D,10,10,leaf,0.3,24,416,0.6194,0.1912,0.1184,0.2326,0.0275
UMAP-15D,10,10,leaf,0.5,6,65,0.9405,0.0138,0.013,0.625,0.0081
UMAP-15D,10,10,leaf,1.0,2,44,0.9597,0.0026,0.0025,1.0,0.0025
UMAP-15D,15,1,eom,0.0,25,135,0.8765,0.0941,0.0824,0.2247,0.0185
UMAP-15D,15,1,eom,0.3,17,101,0.9076,0.0953,0.0865,0.3077,0.0266
UMAP-15D,15,1,eom,0.5,3,1,0.9991,0.0482,0.0481,0.8696,0.0419
UMAP-15D,15,1,eom,1.0,2,1,0.9991,0.0576,0.0575,1.0,0.0575
UMAP-15D,15,1,leaf,0.0,31,192,0.8243,0.1106,0.0911,0.1869,0.017
UMAP-15D,15,1,leaf,0.3,17,101,0.9076,0.0953,0.0865,0.3077,0.0266
UMAP-15D,15,1,leaf,0.5,3,1,0.9991,0.0482,0.0481,0.8696,0.0419
UMAP-15D,15,1,leaf,1.0,2,1,0.9991,0.0576,0.0575,1.0,0.0575
UMAP-15D,15,3,eom,0.0,26,225,0.7941,0.1044,0.0829,0.2174,0.018
UMAP-15D,15,3,eom,0.3,21,195,0.8216,0.0653,0.0536,0.2597,0.0139
UMAP-15D,15,3,eom,0.5,3,9,0.9918,0.0145,0.0143,0.8696,0.0125
UMAP-15D,15,3,eom,1.0,2,3,0.9973,0.0173,0.0173,1.0,0.0173
UMAP-15D,15,3,leaf,0.0,28,267,0.7557,0.1024,0.0774,0.2041,0.0158
UMAP-15D,15,3,leaf,0.3,21,195,0.8216,0.0653,0.0536,0.2597,0.0139
UMAP-15D,15,3,leaf,0.5,3,9,0.9918,0.0145,0.0143,0.8696,0.0125
UMAP-15D,15,3,leaf,1.0,2,3,0.9973,0.0173,0.0173,1.0,0.0173
UMAP-15D,15,5,eom,0.0,21,282,0.742,0.1802,0.1337,0.2597,0.0347
UMAP-15D,15,5,eom,0.3,19,270,0.753,0.162,0.122,0.2817,0.0344
UMAP-15D,15,5,eom,0.5,5,19,0.9826,0.0371,0.0365,0.6897,0.0252
UMAP-15D,15,5,eom,1.0,2,14,0.9872,0.0013,0.0013,1.0,0.0013
UMAP-15D,15,5,leaf,0.0,25,334,0.6944,0.1314,0.0912,0.2247,0.0205
UMAP-15D,15,5,leaf,0.3,20,283,0.7411,0.1426,0.1057,0.2703,0.0286
UMAP-15D,15,5,leaf,0.5,5,19,0.9826,0.0371,0.0365,0.6897,0.0252
UMAP-15D,15,5,leaf,1.0,2,14,0.9872,0.0013,0.0013,1.0,0.0013
UMAP-15D,15,10,eom,0.0,13,154,0.8591,0.0722,0.062,0.3774,0.0234
UMAP-15D,15,10,eom,0.3,13,154,0.8591,0.0722,0.062,0.3774,0.0234
UMAP-15D,15,10,eom,0.5,6,65,0.9405,0.0138,0.013,0.625,0.0081
UMAP-15D,15,10,eom,1.0,2,44,0.9597,0.0026,0.0025,1.0,0.0025
UMAP-15D,15,10,leaf,0.0,23,438,0.5993,0.1489,0.0893,0.241,0.0215
UMAP-15D,15,10,leaf,0.3,22,399,0.6349,0.1977,0.1255,0.25,0.0314
UMAP-15D,15,10,leaf,0.5,6,65,0.9405,0.0138,0.013,0.625,0.0081
UMAP-15D,15,10,leaf,1.0,2,44,0.9597,0.0026,0.0025,1.0,0.0025
UMAP-15D,25,1,eom,0.0,19,182,0.8335,0.0911,0.0759,0.2817,0.0214
UMAP-15D,25,1,eom,0.3,15,139,0.8728,0.0939,0.082,0.339,0.0278
UMAP-15D,25,1,eom,0.5,3,1,0.9991,0.0482,0.0481,0.8696,0.0419
UMAP-15D,25,1,eom,1.0,2,1,0.9991,0.0576,0.0575,1.0,0.0575
UMAP-15D,25,1,leaf,0.0,20,206,0.8115,0.0864,0.0701,0.2703,0.019
UMAP-15D,25,1,leaf,0.3,15,139,0.8728,0.0939,0.082,0.339,0.0278
UMAP-15D,25,1,leaf,0.5,3,1,0.9991,0.0482,0.0481,0.8696,0.0419
UMAP-15D,25,1,leaf,1.0,2,1,0.9991,0.0576,0.0575,1.0,0.0575
UMAP-15D,25,3,eom,0.0,19,233,0.7868,0.0906,0.0713,0.2817,0.0201
UMAP-15D,25,3,eom,0.3,17,217,0.8015,0.0488,0.0391,0.3077,0.012
UMAP-15D,25,3,eom,0.5,3,9,0.9918,0.0145,0.0143,0.8696,0.0125
UMAP-15D,25,3,eom,1.0,2,3,0.9973,0.0173,0.0173,1.0,0.0173
UMAP-15D,25,3,leaf,0.0,20,260,0.7621,0.0914,0.0697,0.2703,0.0188
UMAP-15D,25,3,leaf,0.3,17,217,0.8015,0.0488,0.0391,0.3077,0.012
UMAP-15D,25,3,leaf,0.5,3,9,0.9918,0.0145,0.0143,0.8696,0.0125
UMAP-15D,25,3,leaf,1.0,2,3,0.9973,0.0173,0.0173,1.0,0.0173
UMAP-15D,25,5,eom,0.0,12,101,0.9076,0.1225,0.1112,0.4,0.0445
UMAP-15D,25,5,eom,0.3,11,93,0.9149,0.123,0.1125,0.4255,0.0479
UMAP-15D,25,5,eom,0.5,4,19,0.9826,0.073,0.0717,0.7692,0.0552
UMAP-15D,25,5,eom,1.0,2,14,0.9872,0.0013,0.0013,1.0,0.0013
UMAP-15D,25,5,leaf,0.0,18,308,0.7182,0.2056,0.1477,0.2941,0.0434
UMAP-15D,25,5,leaf,0.3,17,300,0.7255,0.2061,0.1495,0.3077,0.046
UMAP-15D,25,5,leaf,0.5,4,19,0.9826,0.073,0.0717,0.7692,0.0552
UMAP-15D,25,5,leaf,1.0,2,14,0.9872,0.0013,0.0013,1.0,0.0013
UMAP-15D,25,10,eom,0.0,10,131,0.8801,0.0673,0.0593,0.4545,0.0269
UMAP-15D,25,10,eom,0.3,10,131,0.8801,0.0673,0.0593,0.4545,0.0269
UMAP-15D,25,10,eom,0.5,5,61,0.9442,0.0085,0.0081,0.6897,0.0056
UMAP-15D,25,10,eom,1.0,2,44,0.9597,0.0026,0.0025,1.0,0.0025
UMAP-15D,25,10,leaf,0.0,16,371,0.6606,0.2107,0.1392,0.3226,0.0449
UMAP-15D,25,10,leaf,0.3,16,371,0.6606,0.2107,0.1392,0.3226,0.0449
UMAP-15D,25,10,leaf,0.5,5,61,0.9442,0.0085,0.0081,0.6897,0.0056
UMAP-15D,25,10,leaf,1.0,2,44,0.9597,0.0026,0.0025,1.0,0.0025
UMAP-15D,40,1,eom,0.0,12,300,0.7255,0.1629,0.1182,0.4,0.0473
UMAP-15D,40,1,eom,0.3,10,246,0.7749,0.171,0.1325,0.4545,0.0602
UMAP-15D,40,1,eom,0.5,3,1,0.9991,0.0482,0.0481,0.8696,0.0419
UMAP-15D,40,1,eom,1.0,2,1,0.9991,0.0576,0.0575,1.0,0.0575
UMAP-15D,40,1,leaf,0.0,12,300,0.7255,0.1629,0.1182,0.4,0.0473
UMAP-15D,40,1,leaf,0.3,10,246,0.7749,0.171,0.1325,0.4545,0.0602
UMAP-15D,40,1,leaf,0.5,3,1,0.9991,0.0482,0.0481,0.8696,0.0419
UMAP-15D,40,1,leaf,1.0,2,1,0.9991,0.0576,0.0575,1.0,0.0575
UMAP-15D,40,3,eom,0.0,11,273,0.7502,0.0888,0.0666,0.4255,0.0283
UMAP-15D,40,3,eom,0.3,11,273,0.7502,0.0888,0.0666,0.4255,0.0283
UMAP-15D,40,3,eom,0.5,3,9,0.9918,0.0145,0.0143,0.8696,0.0125
UMAP-15D,40,3,eom,1.0,2,3,0.9973,0.0173,0.0173,1.0,0.0173
UMAP-15D,40,3,leaf,0.0,13,317,0.71,0.1505,0.1068,0.3774,0.0403
UMAP-15D,40,3,leaf,0.3,12,314,0.7127,0.1486,0.1059,0.4,0.0424
UMAP-15D,40,3,leaf,0.5,3,9,0.9918,0.0145,0.0143,0.8696,0.0125
UMAP-15D,40,3,leaf,1.0,2,3,0.9973,0.0173,0.0173,1.0,0.0173
UMAP-15D,40,5,eom,0.0,5,66,0.9396,0.0811,0.0762,0.6897,0.0525
UMAP-15D,40,5,eom,0.3,5,66,0.9396,0.0811,0.0762,0.6897,0.0525
UMAP-15D,40,5,eom,0.5,4,19,0.9826,0.073,0.0717,0.7692,0.0552
UMAP-15D,40,5,eom,1.0,2,14,0.9872,0.0013,0.0013,1.0,0.0013
UMAP-15D,40,5,leaf,0.0,11,327,0.7008,0.1913,0.1341,0.4255,0.0571
UMAP-15D,40,5,leaf,0.3,11,327,0.7008,0.1913,0.1341,0.4255,0.0571
UMAP-15D,40,5,leaf,0.5,4,19,0.9826,0.073,0.0717,0.7692,0.0552
UMAP-15D,40,5,leaf,1.0,2,14,0.9872,0.0013,0.0013,1.0,0.0013
UMAP-15D,40,10,eom,0.0,6,72,0.9341,0.0105,0.0098,0.625,0.0061
UMAP-15D,40,10,eom,0.3,6,72,0.9341,0.0105,0.0098,0.625,0.0061
UMAP-15D,40,10,eom,0.5,5,61,0.9442,0.0085,0.0081,0.6897,0.0056
UMAP-15D,40,10,eom,1.0,2,44,0.9597,0.0026,0.0025,1.0,0.0025
UMAP-15D,40,10,leaf,0.0,10,418,0.6176,0.0693,0.0428,0.4545,0.0195
UMAP-15D,40,10,leaf,0.3,10,418,0.6176,0.0693,0.0428,0.4545,0.0195
UMAP-15D,40,10,leaf,0.5,5,61,0.9442,0.0085,0.0081,0.6897,0.0056
UMAP-15D,40,10,leaf,1.0,2,44,0.9597,0.0026,0.0025,1.0,0.0025
UMAP-15D,60,1,eom,0.0,2,44,0.9597,0.0366,0.0351,1.0,0.0351
UMAP-15D,60,1,eom,0.3,2,44,0.9597,0.0366,0.0351,1.0,0.0351
UMAP-15D,60,1,eom,0.5,2,44,0.9597,0.0366,0.0351,1.0,0.0351
UMAP-15D,60,1,eom,1.0,2,44,0.9597,0.0366,0.0351,1.0,0.0351
UMAP-15D,60,1,leaf,0.0,6,296,0.7292,0.0754,0.0549,0.625,0.0343
UMAP-15D,60,1,leaf,0.3,6,296,0.7292,0.0754,0.0549,0.625,0.0343
UMAP-15D,60,1,leaf,0.5,2,44,0.9597,0.0366,0.0351,1.0,0.0351
UMAP-15D,60,1,leaf,1.0,2,44,0.9597,0.0366,0.0351,1.0,0.0351
UMAP-15D,60,3,eom,0.0,4,175,0.8399,0.0598,0.0502,0.7692,0.0386
UMAP-15D,60,3,eom,0.3,4,175,0.8399,0.0598,0.0502,0.7692,0.0386
UMAP-15D,60,3,eom,0.5,2,52,0.9524,0.0126,0.012,1.0,0.012
UMAP-15D,60,3,eom,1.0,2,52,0.9524,0.0126,0.012,1.0,0.012
UMAP-15D,60,3,leaf,0.0,6,395,0.6386,0.0507,0.0324,0.625,0.0202
UMAP-15D,60,3,leaf,0.3,6,395,0.6386,0.0507,0.0324,0.625,0.0202
UMAP-15D,60,3,leaf,0.5,2,52,0.9524,0.0126,0.012,1.0,0.012
UMAP-15D,60,3,leaf,1.0,2,52,0.9524,0.0126,0.012,1.0,0.012
UMAP-15D,60,5,eom,0.0,4,109,0.9003,0.08,0.072,0.7692,0.0554
UMAP-15D,60,5,eom,0.3,4,109,0.9003,0.08,0.072,0.7692,0.0554
UMAP-15D,60,5,eom,0.5,3,19,0.9826,0.0626,0.0615,0.8696,0.0535
UMAP-15D,60,5,eom,1.0,2,14,0.9872,0.0013,0.0013,1.0,0.0013
UMAP-15D,60,5,leaf,0.0,6,335,0.6935,0.1015,0.0704,0.625,0.044
UMAP-15D,60,5,leaf,0.3,6,335,0.6935,0.1015,0.0704,0.625,0.044
UMAP-15D,60,5,leaf,0.5,3,19,0.9826,0.0626,0.0615,0.8696,0.0535
UMAP-15D,60,5,leaf,1.0,2,14,0.9872,0.0013,0.0013,1.0,0.0013
UMAP-15D,60,10,eom,0.0,4,52,0.9524,0.003,0.0029,0.7692,0.0022
UMAP-15D,60,10,eom,0.3,4,52,0.9524,0.003,0.0029,0.7692,0.0022
UMAP-15D,60,10,eom,0.5,4,52,0.9524,0.003,0.0029,0.7692,0.0022
UMAP-15D,60,10,eom,1.0,2,44,0.9597,0.0026,0.0025,1.0,0.0025
UMAP-15D,60,10,leaf,0.0,6,283,0.7411,0.0038,0.0028,0.625,0.0017
UMAP-15D,60,10,leaf,0.3,6,283,0.7411,0.0038,0.0028,0.625,0.0017
UMAP-15D,60,10,leaf,0.5,4,52,0.9524,0.003,0.0029,0.7692,0.0022
UMAP-15D,60,10,leaf,1.0,2,44,0.9597,0.0026,0.0025,1.0,0.0025
UMAP-15D,80,1,eom,0.0,3,215,0.8033,0.0103,0.0083,0.8696,0.0072
UMAP-15D,80,1,eom,0.3,3,215,0.8033,0.0103,0.0083,0.8696,0.0072
UMAP-15D,80,1,eom,0.5,2,174,0.8408,0.0041,0.0035,1.0,0.0035
UMAP-15D,80,1,eom,1.0,2,174,0.8408,0.0041,0.0035,1.0,0.0035
UMAP-15D,80,1,leaf,0.0,5,375,0.6569,0.0319,0.021,0.6897,0.0145
UMAP-15D,80,1,leaf,0.3,5,375,0.6569,0.0319,0.021,0.6897,0.0145
UMAP-15D,80,1,leaf,0.5,2,174,0.8408,0.0041,0.0035,1.0,0.0035
UMAP-15D,80,1,leaf,1.0,2,174,0.8408,0.0041,0.0035,1.0,0.0035
UMAP-15D,80,3,eom,0.0,2,180,0.8353,0.0032,0.0027,1.0,0.0027
UMAP-15D,80,3,eom,0.3,2,180,0.8353,0.0032,0.0027,1.0,0.0027
UMAP-15D,80,3,eom,0.5,2,180,0.8353,0.0032,0.0027,1.0,0.0027
UMAP-15D,80,3,eom,1.0,2,180,0.8353,0.0032,0.0027,1.0,0.0027
UMAP-15D,80,3,leaf,0.0,5,472,0.5682,0.0025,0.0014,0.6897,0.001
UMAP-15D,80,3,leaf,0.3,5,472,0.5682,0.0025,0.0014,0.6897,0.001
UMAP-15D,80,3,leaf,0.5,2,180,0.8353,0.0032,0.0027,1.0,0.0027
UMAP-15D,80,3,leaf,1.0,2,180,0.8353,0.0032,0.0027,1.0,0.0027
UMAP-15D,80,5,eom,0.0,2,257,0.7649,0.0213,0.0163,1.0,0.0163
UMAP-15D,80,5,eom,0.3,2,257,0.7649,0.0213,0.0163,1.0,0.0163
UMAP-15D,80,5,eom,0.5,2,257,0.7649,0.0213,0.0163,1.0,0.0163
UMAP-15D,80,5,eom,1.0,2,257,0.7649,0.0213,0.0163,1.0,0.0163
UMAP-15D,80,5,leaf,0.0,4,483,0.5581,0.0055,0.0031,0.7692,0.0024
UMAP-15D,80,5,leaf,0.3,4,483,0.5581,0.0055,0.0031,0.7692,0.0024
UMAP-15D,80,5,leaf,0.5,2,257,0.7649,0.0213,0.0163,1.0,0.0163
UMAP-15D,80,5,leaf,1.0,2,257,0.7649,0.0213,0.0163,1.0,0.0163
UMAP-15D,80,10,eom,0.0,2,126,0.8847,0.0011,0.0009,1.0,0.0009
UMAP-15D,80,10,eom,0.3,2,126,0.8847,0.0011,0.0009,1.0,0.0009
UMAP-15D,80,10,eom,0.5,2,126,0.8847,0.0011,0.0009,1.0,0.0009
UMAP-15D,80,10,eom,1.0,2,126,0.8847,0.0011,0.0009,1.0,0.0009
UMAP-15D,80,10,leaf,0.0,3,341,0.688,0.2853,0.1963,0.8696,0.1707
UMAP-15D,80,10,leaf,0.3,3,341,0.688,0.2853,0.1963,0.8696,0.1707
UMAP-15D,80,10,leaf,0.5,2,126,0.8847,0.0011,0.0009,1.0,0.0009
UMAP-15D,80,10,leaf,1.0,2,126,0.8847,0.0011,0.0009,1.0,0.0009
