pca_components,cluster_method,min_samples,min_cluster_size,xi,eps,n_clusters,n_noise,coverage,silhouette,base_score,count_penalty,final_score
2,xi,3,10,0.01,,41,589,0.4611,0.5013,0.1066,0.146,0.0156
2,xi,3,10,0.03,,38,622,0.4309,0.5067,0.0941,0.1562,0.0147
2,xi,3,10,0.05,,35,639,0.4154,0.5099,0.088,0.1681,0.0148
2,xi,3,10,0.1,,25,760,0.3047,0.5738,0.0533,0.2247,0.012
2,xi,3,10,0.2,,4,1050,0.0393,0.8028,0.0012,0.7692,0.001
2,dbscan,3,10,,0.2,88,531,0.5142,0.418,0.1105,0.0719,0.008
2,dbscan,3,10,,0.3,37,243,0.7777,-0.0889,-1.0,1.0,-1.0
2,dbscan,3,10,,0.5,13,97,0.9113,0.0016,0.0013,0.3774,0.0005
2,dbscan,3,10,,1.0,3,29,0.9735,0.3737,0.3541,0.8696,0.3079
2,xi,3,20,0.01,,13,760,0.3047,0.4962,0.0461,0.3774,0.0174
2,xi,3,20,0.03,,12,734,0.3285,0.4454,0.048,0.4,0.0192
2,xi,3,20,0.05,,8,832,0.2388,0.4657,0.0266,0.5263,0.014
2,xi,3,20,0.1,,3,1030,0.0576,0.5925,0.002,0.8696,0.0017
2,xi,3,20,0.2,,1,0,1.0,-1.0,-1.0,1.0,-1.0
2,dbscan,3,20,,0.2,88,531,0.5142,0.418,0.1105,0.0719,0.008
2,dbscan,3,20,,0.3,37,243,0.7777,-0.0889,-1.0,1.0,-1.0
2,dbscan,3,20,,0.5,13,97,0.9113,0.0016,0.0013,0.3774,0.0005
2,dbscan,3,20,,1.0,3,29,0.9735,0.3737,0.3541,0.8696,0.3079
2,xi,3,30,0.01,,6,851,0.2214,0.4501,0.0221,0.625,0.0138
2,xi,3,30,0.03,,4,904,0.1729,0.4893,0.0146,0.7692,0.0113
2,xi,3,30,0.05,,3,942,0.1382,0.61,0.0116,0.8696,0.0101
2,xi,3,30,0.1,,1,0,1.0,-1.0,-1.0,1.0,-1.0
2,xi,3,30,0.2,,1,0,1.0,-1.0,-1.0,1.0,-1.0
2,dbscan,3,30,,0.2,88,531,0.5142,0.418,0.1105,0.0719,0.008
2,dbscan,3,30,,0.3,37,243,0.7777,-0.0889,-1.0,1.0,-1.0
2,dbscan,3,30,,0.5,13,97,0.9113,0.0016,0.0013,0.3774,0.0005
2,dbscan,3,30,,1.0,3,29,0.9735,0.3737,0.3541,0.8696,0.3079
2,xi,3,50,0.01,,5,820,0.2498,0.4428,0.0276,0.6897,0.0191
2,xi,3,50,0.03,,3,922,0.1565,0.5912,0.0145,0.8696,0.0126
2,xi,3,50,0.05,,2,979,0.1043,0.8234,0.009,1.0,0.009
2,xi,3,50,0.1,,1,0,1.0,-1.0,-1.0,1.0,-1.0
2,xi,3,50,0.2,,1,0,1.0,-1.0,-1.0,1.0,-1.0
2,dbscan,3,50,,0.2,88,531,0.5142,0.418,0.1105,0.0719,0.008
2,dbscan,3,50,,0.3,37,243,0.7777,-0.0889,-1.0,1.0,-1.0
2,dbscan,3,50,,0.5,13,97,0.9113,0.0016,0.0013,0.3774,0.0005
2,dbscan,3,50,,1.0,3,29,0.9735,0.3737,0.3541,0.8696,0.3079
2,xi,5,10,0.01,,34,631,0.4227,0.5038,0.09,0.1724,0.0155
2,xi,5,10,0.03,,30,668,0.3888,0.508,0.0768,0.1923,0.0148
2,xi,5,10,0.05,,23,759,0.3056,0.5577,0.0521,0.241,0.0126
2,xi,5,10,0.1,,10,953,0.1281,0.7306,0.012,0.4545,0.0054
2,xi,5,10,0.2,,2,1068,0.0229,0.7898,0.0004,1.0,0.0004
2,dbscan,5,10,,0.2,32,858,0.215,0.5771,0.0267,0.1818,0.0049
2,dbscan,5,10,,0.3,25,395,0.6386,-0.1342,-1.0,1.0,-1.0
2,dbscan,5,10,,0.5,7,150,0.8628,-0.1156,-1.0,1.0,-1.0
2,dbscan,5,10,,1.0,1,38,0.9652,-1.0,-1.0,1.0,-1.0
2,xi,5,20,0.01,,15,707,0.3532,0.4771,0.0595,0.339,0.0202
2,xi,5,20,0.03,,12,789,0.2781,0.584,0.0452,0.4,0.0181
2,xi,5,20,0.05,,7,927,0.1519,0.6984,0.0161,0.5714,0.0092
2,xi,5,20,0.1,,2,1050,0.0393,0.9185,0.0014,1.0,0.0014
2,xi,5,20,0.2,,1,0,1.0,-1.0,-1.0,1.0,-1.0
2,dbscan,5,20,,0.2,32,858,0.215,0.5771,0.0267,0.1818,0.0049
2,dbscan,5,20,,0.3,25,395,0.6386,-0.1342,-1.0,1.0,-1.0
2,dbscan,5,20,,0.5,7,150,0.8628,-0.1156,-1.0,1.0,-1.0
2,dbscan,5,20,,1.0,1,38,0.9652,-1.0,-1.0,1.0,-1.0
2,xi,5,30,0.01,,7,825,0.2452,0.4435,0.0267,0.5714,0.0152
2,xi,5,30,0.03,,4,952,0.129,0.5503,0.0092,0.7692,0.007
2,xi,5,30,0.05,,2,1015,0.0714,0.8544,0.0044,1.0,0.0044
2,xi,5,30,0.1,,1,0,1.0,-1.0,-1.0,1.0,-1.0
2,xi,5,30,0.2,,1,0,1.0,-1.0,-1.0,1.0,-1.0
2,dbscan,5,30,,0.2,32,858,0.215,0.5771,0.0267,0.1818,0.0049
2,dbscan,5,30,,0.3,25,395,0.6386,-0.1342,-1.0,1.0,-1.0
2,dbscan,5,30,,0.5,7,150,0.8628,-0.1156,-1.0,1.0,-1.0
2,dbscan,5,30,,1.0,1,38,0.9652,-1.0,-1.0,1.0,-1.0
2,xi,5,50,0.01,,3,902,0.1747,0.6093,0.0186,0.8696,0.0162
2,xi,5,50,0.03,,1,1015,0.0714,-1.0,-1.0,1.0,-1.0
2,xi,5,50,0.05,,1,27,0.9753,-1.0,-1.0,1.0,-1.0
2,xi,5,50,0.1,,1,0,1.0,-1.0,-1.0,1.0,-1.0
2,xi,5,50,0.2,,1,0,1.0,-1.0,-1.0,1.0,-1.0
2,dbscan,5,50,,0.2,32,858,0.215,0.5771,0.0267,0.1818,0.0049
2,dbscan,5,50,,0.3,25,395,0.6386,-0.1342,-1.0,1.0,-1.0
2,dbscan,5,50,,0.5,7,150,0.8628,-0.1156,-1.0,1.0,-1.0
2,dbscan,5,50,,1.0,1,38,0.9652,-1.0,-1.0,1.0,-1.0
2,xi,10,10,0.01,,25,632,0.4218,0.4904,0.0872,0.2247,0.0196
2,xi,10,10,0.03,,23,695,0.3641,0.5224,0.0693,0.241,0.0167
2,xi,10,10,0.05,,18,802,0.2662,0.5922,0.042,0.2941,0.0123
2,xi,10,10,0.1,,2,1066,0.0247,0.9105,0.0006,1.0,0.0006
2,xi,10,10,0.2,,1,0,1.0,-1.0,-1.0,1.0,-1.0
2,dbscan,10,10,,0.2,0,1093,0.0,-1.0,-1.0,1.0,-1.0
2,dbscan,10,10,,0.3,12,914,0.1638,0.5578,0.015,0.4,0.006
2,dbscan,10,10,,0.5,6,316,0.7109,-0.0898,-1.0,1.0,-1.0
2,dbscan,10,10,,1.0,1,68,0.9378,-1.0,-1.0,1.0,-1.0
2,xi,10,20,0.01,,14,702,0.3577,0.4958,0.0634,0.3571,0.0227
2,xi,10,20,0.03,,13,764,0.301,0.5586,0.0506,0.3774,0.0191
2,xi,10,20,0.05,,6,943,0.1372,0.6557,0.0123,0.625,0.0077
2,xi,10,20,0.1,,1,0,1.0,-1.0,-1.0,1.0,-1.0
2,xi,10,20,0.2,,1,0,1.0,-1.0,-1.0,1.0,-1.0
2,dbscan,10,20,,0.2,0,1093,0.0,-1.0,-1.0,1.0,-1.0
2,dbscan,10,20,,0.3,12,914,0.1638,0.5578,0.015,0.4,0.006
2,dbscan,10,20,,0.5,6,316,0.7109,-0.0898,-1.0,1.0,-1.0
2,dbscan,10,20,,1.0,1,68,0.9378,-1.0,-1.0,1.0,-1.0
2,xi,10,30,0.01,,7,766,0.2992,0.4632,0.0415,0.5714,0.0237
2,xi,10,30,0.03,,4,924,0.1546,0.4996,0.0119,0.7692,0.0092
2,xi,10,30,0.05,,1,1045,0.0439,-1.0,-1.0,1.0,-1.0
2,xi,10,30,0.1,,1,0,1.0,-1.0,-1.0,1.0,-1.0
2,xi,10,30,0.2,,1,0,1.0,-1.0,-1.0,1.0,-1.0
2,dbscan,10,30,,0.2,0,1093,0.0,-1.0,-1.0,1.0,-1.0
2,dbscan,10,30,,0.3,12,914,0.1638,0.5578,0.015,0.4,0.006
2,dbscan,10,30,,0.5,6,316,0.7109,-0.0898,-1.0,1.0,-1.0
2,dbscan,10,30,,1.0,1,68,0.9378,-1.0,-1.0,1.0,-1.0
2,xi,10,50,0.01,,3,932,0.1473,0.706,0.0153,0.8696,0.0133
2,xi,10,50,0.03,,1,1042,0.0467,-1.0,-1.0,1.0,-1.0
2,xi,10,50,0.05,,1,0,1.0,-1.0,-1.0,1.0,-1.0
2,xi,10,50,0.1,,1,0,1.0,-1.0,-1.0,1.0,-1.0
2,xi,10,50,0.2,,1,0,1.0,-1.0,-1.0,1.0,-1.0
2,dbscan,10,50,,0.2,0,1093,0.0,-1.0,-1.0,1.0,-1.0
2,dbscan,10,50,,0.3,12,914,0.1638,0.5578,0.015,0.4,0.006
2,dbscan,10,50,,0.5,6,316,0.7109,-0.0898,-1.0,1.0,-1.0
2,dbscan,10,50,,1.0,1,68,0.9378,-1.0,-1.0,1.0,-1.0
2,xi,20,10,0.01,,14,692,0.3669,0.4315,0.0581,0.3571,0.0207
2,xi,20,10,0.03,,9,869,0.2049,0.6389,0.0268,0.4878,0.0131
2,xi,20,10,0.05,,6,969,0.1134,0.7068,0.0091,0.625,0.0057
2,xi,20,10,0.1,,1,0,1.0,-1.0,-1.0,1.0,-1.0
2,xi,20,10,0.2,,1,0,1.0,-1.0,-1.0,1.0,-1.0
2,dbscan,20,10,,0.2,0,1093,0.0,-1.0,-1.0,1.0,-1.0
2,dbscan,20,10,,0.3,0,1093,0.0,-1.0,-1.0,1.0,-1.0
2,dbscan,20,10,,0.5,4,751,0.3129,0.3874,0.0379,0.7692,0.0292
2,dbscan,20,10,,1.0,1,133,0.8783,-1.0,-1.0,1.0,-1.0
2,xi,20,20,0.01,,9,766,0.2992,0.5277,0.0472,0.4878,0.023
2,xi,20,20,0.03,,5,930,0.1491,0.6996,0.0156,0.6897,0.0107
2,xi,20,20,0.05,,3,1011,0.075,0.6477,0.0036,0.8696,0.0032
2,xi,20,20,0.1,,1,0,1.0,-1.0,-1.0,1.0,-1.0
2,xi,20,20,0.2,,1,0,1.0,-1.0,-1.0,1.0,-1.0
2,dbscan,20,20,,0.2,0,1093,0.0,-1.0,-1.0,1.0,-1.0
2,dbscan,20,20,,0.3,0,1093,0.0,-1.0,-1.0,1.0,-1.0
2,dbscan,20,20,,0.5,4,751,0.3129,0.3874,0.0379,0.7692,0.0292
2,dbscan,20,20,,1.0,1,133,0.8783,-1.0,-1.0,1.0,-1.0
2,xi,20,30,0.01,,5,857,0.2159,0.567,0.0264,0.6897,0.0182
2,xi,20,30,0.03,,3,980,0.1034,0.7567,0.0081,0.8696,0.007
2,xi,20,30,0.05,,1,1061,0.0293,-1.0,-1.0,1.0,-1.0
2,xi,20,30,0.1,,1,0,1.0,-1.0,-1.0,1.0,-1.0
2,xi,20,30,0.2,,1,0,1.0,-1.0,-1.0,1.0,-1.0
2,dbscan,20,30,,0.2,0,1093,0.0,-1.0,-1.0,1.0,-1.0
2,dbscan,20,30,,0.3,0,1093,0.0,-1.0,-1.0,1.0,-1.0
2,dbscan,20,30,,0.5,4,751,0.3129,0.3874,0.0379,0.7692,0.0292
2,dbscan,20,30,,1.0,1,133,0.8783,-1.0,-1.0,1.0,-1.0
2,xi,20,50,0.01,,3,855,0.2177,0.3656,0.0173,0.8696,0.0151
2,xi,20,50,0.03,,1,1027,0.0604,-1.0,-1.0,1.0,-1.0
2,xi,20,50,0.05,,1,0,1.0,-1.0,-1.0,1.0,-1.0
2,xi,20,50,0.1,,1,0,1.0,-1.0,-1.0,1.0,-1.0
2,xi,20,50,0.2,,1,0,1.0,-1.0,-1.0,1.0,-1.0
2,dbscan,20,50,,0.2,0,1093,0.0,-1.0,-1.0,1.0,-1.0
2,dbscan,20,50,,0.3,0,1093,0.0,-1.0,-1.0,1.0,-1.0
2,dbscan,20,50,,0.5,4,751,0.3129,0.3874,0.0379,0.7692,0.0292
2,dbscan,20,50,,1.0,1,133,0.8783,-1.0,-1.0,1.0,-1.0
5,xi,3,10,0.01,,16,885,0.1903,0.3494,0.0127,0.3226,0.0041
5,xi,3,10,0.03,,11,947,0.1336,0.3752,0.0067,0.4255,0.0028
5,xi,3,10,0.05,,8,991,0.0933,0.4321,0.0038,0.5263,0.002
5,xi,3,10,0.1,,3,1057,0.0329,0.4556,0.0005,0.8696,0.0004
5,xi,3,10,0.2,,1,0,1.0,-1.0,-1.0,1.0,-1.0
5,dbscan,3,10,,0.2,0,1093,0.0,-1.0,-1.0,1.0,-1.0
5,dbscan,3,10,,0.3,0,1093,0.0,-1.0,-1.0,1.0,-1.0
5,dbscan,3,10,,0.5,1,1091,0.0018,-1.0,-1.0,1.0,-1.0
5,dbscan,3,10,,1.0,52,706,0.3541,0.1306,0.0164,0.1176,0.0019
5,xi,3,20,0.01,,3,996,0.0887,0.3471,0.0027,0.8696,0.0024
5,xi,3,20,0.03,,1,1071,0.0201,-1.0,-1.0,1.0,-1.0
5,xi,3,20,0.05,,1,0,1.0,-1.0,-1.0,1.0,-1.0
5,xi,3,20,0.1,,1,0,1.0,-1.0,-1.0,1.0,-1.0
5,xi,3,20,0.2,,1,0,1.0,-1.0,-1.0,1.0,-1.0
5,dbscan,3,20,,0.2,0,1093,0.0,-1.0,-1.0,1.0,-1.0
5,dbscan,3,20,,0.3,0,1093,0.0,-1.0,-1.0,1.0,-1.0
5,dbscan,3,20,,0.5,1,1091,0.0018,-1.0,-1.0,1.0,-1.0
5,dbscan,3,20,,1.0,52,706,0.3541,0.1306,0.0164,0.1176,0.0019
5,xi,3,30,0.01,,2,1018,0.0686,0.4863,0.0023,1.0,0.0023
5,xi,3,30,0.03,,1,16,0.9854,-1.0,-1.0,1.0,-1.0
5,xi,3,30,0.05,,1,0,1.0,-1.0,-1.0,1.0,-1.0
5,xi,3,30,0.1,,1,0,1.0,-1.0,-1.0,1.0,-1.0
5,xi,3,30,0.2,,1,0,1.0,-1.0,-1.0,1.0,-1.0
5,dbscan,3,30,,0.2,0,1093,0.0,-1.0,-1.0,1.0,-1.0
5,dbscan,3,30,,0.3,0,1093,0.0,-1.0,-1.0,1.0,-1.0
5,dbscan,3,30,,0.5,1,1091,0.0018,-1.0,-1.0,1.0,-1.0
5,dbscan,3,30,,1.0,52,706,0.3541,0.1306,0.0164,0.1176,0.0019
5,xi,3,50,0.01,,1,228,0.7914,-1.0,-1.0,1.0,-1.0
5,xi,3,50,0.03,,1,16,0.9854,-1.0,-1.0,1.0,-1.0
5,xi,3,50,0.05,,1,0,1.0,-1.0,-1.0,1.0,-1.0
5,xi,3,50,0.1,,1,0,1.0,-1.0,-1.0,1.0,-1.0
5,xi,3,50,0.2,,1,0,1.0,-1.0,-1.0,1.0,-1.0
5,dbscan,3,50,,0.2,0,1093,0.0,-1.0,-1.0,1.0,-1.0
5,dbscan,3,50,,0.3,0,1093,0.0,-1.0,-1.0,1.0,-1.0
5,dbscan,3,50,,0.5,1,1091,0.0018,-1.0,-1.0,1.0,-1.0
5,dbscan,3,50,,1.0,52,706,0.3541,0.1306,0.0164,0.1176,0.0019
5,xi,5,10,0.01,,11,938,0.1418,0.3699,0.0074,0.4255,0.0032
5,xi,5,10,0.03,,10,935,0.1446,0.3631,0.0076,0.4545,0.0034
5,xi,5,10,0.05,,3,1054,0.0357,0.5746,0.0007,0.8696,0.0006
5,xi,5,10,0.1,,1,0,1.0,-1.0,-1.0,1.0,-1.0
5,xi,5,10,0.2,,1,0,1.0,-1.0,-1.0,1.0,-1.0
5,dbscan,5,10,,0.2,0,1093,0.0,-1.0,-1.0,1.0,-1.0
5,dbscan,5,10,,0.3,0,1093,0.0,-1.0,-1.0,1.0,-1.0
5,dbscan,5,10,,0.5,0,1093,0.0,-1.0,-1.0,1.0,-1.0
5,dbscan,5,10,,1.0,22,915,0.1629,0.3413,0.0091,0.25,0.0023
5,xi,5,20,0.01,,6,945,0.1354,0.3082,0.0057,0.625,0.0035
5,xi,5,20,0.03,,1,1062,0.0284,-1.0,-1.0,1.0,-1.0
5,xi,5,20,0.05,,1,0,1.0,-1.0,-1.0,1.0,-1.0
5,xi,5,20,0.1,,1,0,1.0,-1.0,-1.0,1.0,-1.0
5,xi,5,20,0.2,,1,0,1.0,-1.0,-1.0,1.0,-1.0
5,dbscan,5,20,,0.2,0,1093,0.0,-1.0,-1.0,1.0,-1.0
5,dbscan,5,20,,0.3,0,1093,0.0,-1.0,-1.0,1.0,-1.0
5,dbscan,5,20,,0.5,0,1093,0.0,-1.0,-1.0,1.0,-1.0
5,dbscan,5,20,,1.0,22,915,0.1629,0.3413,0.0091,0.25,0.0023
5,xi,5,30,0.01,,4,966,0.1162,0.3652,0.0049,0.7692,0.0038
5,xi,5,30,0.03,,1,1062,0.0284,-1.0,-1.0,1.0,-1.0
5,xi,5,30,0.05,,1,0,1.0,-1.0,-1.0,1.0,-1.0
5,xi,5,30,0.1,,1,0,1.0,-1.0,-1.0,1.0,-1.0
5,xi,5,30,0.2,,1,0,1.0,-1.0,-1.0,1.0,-1.0
5,dbscan,5,30,,0.2,0,1093,0.0,-1.0,-1.0,1.0,-1.0
5,dbscan,5,30,,0.3,0,1093,0.0,-1.0,-1.0,1.0,-1.0
5,dbscan,5,30,,0.5,0,1093,0.0,-1.0,-1.0,1.0,-1.0
5,dbscan,5,30,,1.0,22,915,0.1629,0.3413,0.0091,0.25,0.0023
5,xi,5,50,0.01,,1,1036,0.0522,-1.0,-1.0,1.0,-1.0
5,xi,5,50,0.03,,1,28,0.9744,-1.0,-1.0,1.0,-1.0
5,xi,5,50,0.05,,1,0,1.0,-1.0,-1.0,1.0,-1.0
5,xi,5,50,0.1,,1,0,1.0,-1.0,-1.0,1.0,-1.0
5,xi,5,50,0.2,,1,0,1.0,-1.0,-1.0,1.0,-1.0
5,dbscan,5,50,,0.2,0,1093,0.0,-1.0,-1.0,1.0,-1.0
5,dbscan,5,50,,0.3,0,1093,0.0,-1.0,-1.0,1.0,-1.0
5,dbscan,5,50,,0.5,0,1093,0.0,-1.0,-1.0,1.0,-1.0
5,dbscan,5,50,,1.0,22,915,0.1629,0.3413,0.0091,0.25,0.0023
5,xi,10,10,0.01,,8,949,0.1317,0.3958,0.0069,0.5263,0.0036
5,xi,10,10,0.03,,4,1028,0.0595,0.6502,0.0023,0.7692,0.0018
5,xi,10,10,0.05,,3,1038,0.0503,0.6996,0.0018,0.8696,0.0015
5,xi,10,10,0.1,,1,0,1.0,-1.0,-1.0,1.0,-1.0
5,xi,10,10,0.2,,1,0,1.0,-1.0,-1.0,1.0,-1.0
5,dbscan,10,10,,0.2,0,1093,0.0,-1.0,-1.0,1.0,-1.0
5,dbscan,10,10,,0.3,0,1093,0.0,-1.0,-1.0,1.0,-1.0
5,dbscan,10,10,,0.5,0,1093,0.0,-1.0,-1.0,1.0,-1.0
5,dbscan,10,10,,1.0,0,1093,0.0,-1.0,-1.0,1.0,-1.0
5,xi,10,20,0.01,,4,960,0.1217,0.3986,0.0059,0.7692,0.0045
5,xi,10,20,0.03,,1,1068,0.0229,-1.0,-1.0,1.0,-1.0
5,xi,10,20,0.05,,1,1068,0.0229,-1.0,-1.0,1.0,-1.0
5,xi,10,20,0.1,,1,0,1.0,-1.0,-1.0,1.0,-1.0
5,xi,10,20,0.2,,1,0,1.0,-1.0,-1.0,1.0,-1.0
5,dbscan,10,20,,0.2,0,1093,0.0,-1.0,-1.0,1.0,-1.0
5,dbscan,10,20,,0.3,0,1093,0.0,-1.0,-1.0,1.0,-1.0
5,dbscan,10,20,,0.5,0,1093,0.0,-1.0,-1.0,1.0,-1.0
5,dbscan,10,20,,1.0,0,1093,0.0,-1.0,-1.0,1.0,-1.0
5,xi,10,30,0.01,,2,1007,0.0787,0.5668,0.0035,1.0,0.0035
5,xi,10,30,0.03,,1,38,0.9652,-1.0,-1.0,1.0,-1.0
5,xi,10,30,0.05,,1,0,1.0,-1.0,-1.0,1.0,-1.0
5,xi,10,30,0.1,,1,0,1.0,-1.0,-1.0,1.0,-1.0
5,xi,10,30,0.2,,1,0,1.0,-1.0,-1.0,1.0,-1.0
5,dbscan,10,30,,0.2,0,1093,0.0,-1.0,-1.0,1.0,-1.0
5,dbscan,10,30,,0.3,0,1093,0.0,-1.0,-1.0,1.0,-1.0
5,dbscan,10,30,,0.5,0,1093,0.0,-1.0,-1.0,1.0,-1.0
5,dbscan,10,30,,1.0,0,1093,0.0,-1.0,-1.0,1.0,-1.0
5,xi,10,50,0.01,,1,1040,0.0485,-1.0,-1.0,1.0,-1.0
5,xi,10,50,0.03,,1,38,0.9652,-1.0,-1.0,1.0,-1.0
5,xi,10,50,0.05,,1,0,1.0,-1.0,-1.0,1.0,-1.0
5,xi,10,50,0.1,,1,0,1.0,-1.0,-1.0,1.0,-1.0
5,xi,10,50,0.2,,1,0,1.0,-1.0,-1.0,1.0,-1.0
5,dbscan,10,50,,0.2,0,1093,0.0,-1.0,-1.0,1.0,-1.0
5,dbscan,10,50,,0.3,0,1093,0.0,-1.0,-1.0,1.0,-1.0
5,dbscan,10,50,,0.5,0,1093,0.0,-1.0,-1.0,1.0,-1.0
5,dbscan,10,50,,1.0,0,1093,0.0,-1.0,-1.0,1.0,-1.0
5,xi,20,10,0.01,,4,980,0.1034,0.3507,0.0037,0.7692,0.0029
5,xi,20,10,0.03,,2,1046,0.043,0.7904,0.0015,1.0,0.0015
5,xi,20,10,0.05,,1,1075,0.0165,-1.0,-1.0,1.0,-1.0
5,xi,20,10,0.1,,1,0,1.0,-1.0,-1.0,1.0,-1.0
5,xi,20,10,0.2,,1,0,1.0,-1.0,-1.0,1.0,-1.0
5,dbscan,20,10,,0.2,0,1093,0.0,-1.0,-1.0,1.0,-1.0
5,dbscan,20,10,,0.3,0,1093,0.0,-1.0,-1.0,1.0,-1.0
5,dbscan,20,10,,0.5,0,1093,0.0,-1.0,-1.0,1.0,-1.0
5,dbscan,20,10,,1.0,0,1093,0.0,-1.0,-1.0,1.0,-1.0
5,xi,20,20,0.01,,3,998,0.0869,0.3279,0.0025,0.8696,0.0022
5,xi,20,20,0.03,,1,1064,0.0265,-1.0,-1.0,1.0,-1.0
5,xi,20,20,0.05,,1,0,1.0,-1.0,-1.0,1.0,-1.0
5,xi,20,20,0.1,,1,0,1.0,-1.0,-1.0,1.0,-1.0
5,xi,20,20,0.2,,1,0,1.0,-1.0,-1.0,1.0,-1.0
5,dbscan,20,20,,0.2,0,1093,0.0,-1.0,-1.0,1.0,-1.0
5,dbscan,20,20,,0.3,0,1093,0.0,-1.0,-1.0,1.0,-1.0
5,dbscan,20,20,,0.5,0,1093,0.0,-1.0,-1.0,1.0,-1.0
5,dbscan,20,20,,1.0,0,1093,0.0,-1.0,-1.0,1.0,-1.0
5,xi,20,30,0.01,,2,1024,0.0631,0.2231,0.0009,1.0,0.0009
5,xi,20,30,0.03,,1,0,1.0,-1.0,-1.0,1.0,-1.0
5,xi,20,30,0.05,,1,0,1.0,-1.0,-1.0,1.0,-1.0
5,xi,20,30,0.1,,1,0,1.0,-1.0,-1.0,1.0,-1.0
5,xi,20,30,0.2,,1,0,1.0,-1.0,-1.0,1.0,-1.0
5,dbscan,20,30,,0.2,0,1093,0.0,-1.0,-1.0,1.0,-1.0
5,dbscan,20,30,,0.3,0,1093,0.0,-1.0,-1.0,1.0,-1.0
5,dbscan,20,30,,0.5,0,1093,0.0,-1.0,-1.0,1.0,-1.0
5,dbscan,20,30,,1.0,0,1093,0.0,-1.0,-1.0,1.0,-1.0
5,xi,20,50,0.01,,1,991,0.0933,-1.0,-1.0,1.0,-1.0
5,xi,20,50,0.03,,1,0,1.0,-1.0,-1.0,1.0,-1.0
5,xi,20,50,0.05,,1,0,1.0,-1.0,-1.0,1.0,-1.0
5,xi,20,50,0.1,,1,0,1.0,-1.0,-1.0,1.0,-1.0
5,xi,20,50,0.2,,1,0,1.0,-1.0,-1.0,1.0,-1.0
5,dbscan,20,50,,0.2,0,1093,0.0,-1.0,-1.0,1.0,-1.0
5,dbscan,20,50,,0.3,0,1093,0.0,-1.0,-1.0,1.0,-1.0
5,dbscan,20,50,,0.5,0,1093,0.0,-1.0,-1.0,1.0,-1.0
5,dbscan,20,50,,1.0,0,1093,0.0,-1.0,-1.0,1.0,-1.0
10,xi,3,10,0.01,,10,958,0.1235,0.2515,0.0038,0.4545,0.0017
10,xi,3,10,0.03,,6,1016,0.0704,0.3377,0.0017,0.625,0.001
10,xi,3,10,0.05,,4,1046,0.043,0.4884,0.0009,0.7692,0.0007
10,xi,3,10,0.1,,1,0,1.0,-1.0,-1.0,1.0,-1.0
10,xi,3,10,0.2,,1,0,1.0,-1.0,-1.0,1.0,-1.0
10,dbscan,3,10,,0.2,0,1093,0.0,-1.0,-1.0,1.0,-1.0
10,dbscan,3,10,,0.3,0,1093,0.0,-1.0,-1.0,1.0,-1.0
10,dbscan,3,10,,0.5,0,1093,0.0,-1.0,-1.0,1.0,-1.0
10,dbscan,3,10,,1.0,2,1089,0.0037,0.8749,0.0,1.0,0.0
10,xi,3,20,0.01,,3,963,0.1189,0.3589,0.0051,0.8696,0.0044
10,xi,3,20,0.03,,1,18,0.9835,-1.0,-1.0,1.0,-1.0
10,xi,3,20,0.05,,1,0,1.0,-1.0,-1.0,1.0,-1.0
10,xi,3,20,0.1,,1,0,1.0,-1.0,-1.0,1.0,-1.0
10,xi,3,20,0.2,,1,0,1.0,-1.0,-1.0,1.0,-1.0
10,dbscan,3,20,,0.2,0,1093,0.0,-1.0,-1.0,1.0,-1.0
10,dbscan,3,20,,0.3,0,1093,0.0,-1.0,-1.0,1.0,-1.0
10,dbscan,3,20,,0.5,0,1093,0.0,-1.0,-1.0,1.0,-1.0
10,dbscan,3,20,,1.0,2,1089,0.0037,0.8749,0.0,1.0,0.0
10,xi,3,30,0.01,,2,983,0.1006,0.4287,0.0043,1.0,0.0043
10,xi,3,30,0.03,,1,18,0.9835,-1.0,-1.0,1.0,-1.0
10,xi,3,30,0.05,,1,0,1.0,-1.0,-1.0,1.0,-1.0
10,xi,3,30,0.1,,1,0,1.0,-1.0,-1.0,1.0,-1.0
10,xi,3,30,0.2,,1,0,1.0,-1.0,-1.0,1.0,-1.0
10,dbscan,3,30,,0.2,0,1093,0.0,-1.0,-1.0,1.0,-1.0
10,dbscan,3,30,,0.3,0,1093,0.0,-1.0,-1.0,1.0,-1.0
10,dbscan,3,30,,0.5,0,1093,0.0,-1.0,-1.0,1.0,-1.0
10,dbscan,3,30,,1.0,2,1089,0.0037,0.8749,0.0,1.0,0.0
10,xi,3,50,0.01,,1,1026,0.0613,-1.0,-1.0,1.0,-1.0
10,xi,3,50,0.03,,1,18,0.9835,-1.0,-1.0,1.0,-1.0
10,xi,3,50,0.05,,1,0,1.0,-1.0,-1.0,1.0,-1.0
10,xi,3,50,0.1,,1,0,1.0,-1.0,-1.0,1.0,-1.0
10,xi,3,50,0.2,,1,0,1.0,-1.0,-1.0,1.0,-1.0
10,dbscan,3,50,,0.2,0,1093,0.0,-1.0,-1.0,1.0,-1.0
10,dbscan,3,50,,0.3,0,1093,0.0,-1.0,-1.0,1.0,-1.0
10,dbscan,3,50,,0.5,0,1093,0.0,-1.0,-1.0,1.0,-1.0
10,dbscan,3,50,,1.0,2,1089,0.0037,0.8749,0.0,1.0,0.0
10,xi,5,10,0.01,,10,959,0.1226,0.2816,0.0042,0.4545,0.0019
10,xi,5,10,0.03,,3,1053,0.0366,0.4193,0.0006,0.8696,0.0005
10,xi,5,10,0.05,,1,14,0.9872,-1.0,-1.0,1.0,-1.0
10,xi,5,10,0.1,,1,0,1.0,-1.0,-1.0,1.0,-1.0
10,xi,5,10,0.2,,1,0,1.0,-1.0,-1.0,1.0,-1.0
10,dbscan,5,10,,0.2,0,1093,0.0,-1.0,-1.0,1.0,-1.0
10,dbscan,5,10,,0.3,0,1093,0.0,-1.0,-1.0,1.0,-1.0
10,dbscan,5,10,,0.5,0,1093,0.0,-1.0,-1.0,1.0,-1.0
10,dbscan,5,10,,1.0,0,1093,0.0,-1.0,-1.0,1.0,-1.0
10,xi,5,20,0.01,,5,944,0.1363,0.2327,0.0043,0.6897,0.003
10,xi,5,20,0.03,,1,1064,0.0265,-1.0,-1.0,1.0,-1.0
10,xi,5,20,0.05,,1,14,0.9872,-1.0,-1.0,1.0,-1.0
10,xi,5,20,0.1,,1,0,1.0,-1.0,-1.0,1.0,-1.0
10,xi,5,20,0.2,,1,0,1.0,-1.0,-1.0,1.0,-1.0
10,dbscan,5,20,,0.2,0,1093,0.0,-1.0,-1.0,1.0,-1.0
10,dbscan,5,20,,0.3,0,1093,0.0,-1.0,-1.0,1.0,-1.0
10,dbscan,5,20,,0.5,0,1093,0.0,-1.0,-1.0,1.0,-1.0
10,dbscan,5,20,,1.0,0,1093,0.0,-1.0,-1.0,1.0,-1.0
10,xi,5,30,0.01,,2,1017,0.0695,0.2181,0.0011,1.0,0.0011
10,xi,5,30,0.03,,1,23,0.979,-1.0,-1.0,1.0,-1.0
10,xi,5,30,0.05,,1,14,0.9872,-1.0,-1.0,1.0,-1.0
10,xi,5,30,0.1,,1,0,1.0,-1.0,-1.0,1.0,-1.0
10,xi,5,30,0.2,,1,0,1.0,-1.0,-1.0,1.0,-1.0
10,dbscan,5,30,,0.2,0,1093,0.0,-1.0,-1.0,1.0,-1.0
10,dbscan,5,30,,0.3,0,1093,0.0,-1.0,-1.0,1.0,-1.0
10,dbscan,5,30,,0.5,0,1093,0.0,-1.0,-1.0,1.0,-1.0
10,dbscan,5,30,,1.0,0,1093,0.0,-1.0,-1.0,1.0,-1.0
10,xi,5,50,0.01,,1,117,0.893,-1.0,-1.0,1.0,-1.0
10,xi,5,50,0.03,,1,23,0.979,-1.0,-1.0,1.0,-1.0
10,xi,5,50,0.05,,1,14,0.9872,-1.0,-1.0,1.0,-1.0
10,xi,5,50,0.1,,1,0,1.0,-1.0,-1.0,1.0,-1.0
10,xi,5,50,0.2,,1,0,1.0,-1.0,-1.0,1.0,-1.0
10,dbscan,5,50,,0.2,0,1093,0.0,-1.0,-1.0,1.0,-1.0
10,dbscan,5,50,,0.3,0,1093,0.0,-1.0,-1.0,1.0,-1.0
10,dbscan,5,50,,0.5,0,1093,0.0,-1.0,-1.0,1.0,-1.0
10,dbscan,5,50,,1.0,0,1093,0.0,-1.0,-1.0,1.0,-1.0
10,xi,10,10,0.01,,6,995,0.0897,0.3445,0.0028,0.625,0.0017
10,xi,10,10,0.03,,2,1054,0.0357,0.3886,0.0005,1.0,0.0005
10,xi,10,10,0.05,,1,1078,0.0137,-1.0,-1.0,1.0,-1.0
10,xi,10,10,0.1,,1,0,1.0,-1.0,-1.0,1.0,-1.0
10,xi,10,10,0.2,,1,0,1.0,-1.0,-1.0,1.0,-1.0
10,dbscan,10,10,,0.2,0,1093,0.0,-1.0,-1.0,1.0,-1.0
10,dbscan,10,10,,0.3,0,1093,0.0,-1.0,-1.0,1.0,-1.0
10,dbscan,10,10,,0.5,0,1093,0.0,-1.0,-1.0,1.0,-1.0
10,dbscan,10,10,,1.0,0,1093,0.0,-1.0,-1.0,1.0,-1.0
10,xi,10,20,0.01,,2,1045,0.0439,0.6079,0.0012,1.0,0.0012
10,xi,10,20,0.03,,1,1069,0.022,-1.0,-1.0,1.0,-1.0
10,xi,10,20,0.05,,1,0,1.0,-1.0,-1.0,1.0,-1.0
10,xi,10,20,0.1,,1,0,1.0,-1.0,-1.0,1.0,-1.0
10,xi,10,20,0.2,,1,0,1.0,-1.0,-1.0,1.0,-1.0
10,dbscan,10,20,,0.2,0,1093,0.0,-1.0,-1.0,1.0,-1.0
10,dbscan,10,20,,0.3,0,1093,0.0,-1.0,-1.0,1.0,-1.0
10,dbscan,10,20,,0.5,0,1093,0.0,-1.0,-1.0,1.0,-1.0
10,dbscan,10,20,,1.0,0,1093,0.0,-1.0,-1.0,1.0,-1.0
10,xi,10,30,0.01,,1,164,0.85,-1.0,-1.0,1.0,-1.0
10,xi,10,30,0.03,,1,0,1.0,-1.0,-1.0,1.0,-1.0
10,xi,10,30,0.05,,1,0,1.0,-1.0,-1.0,1.0,-1.0
10,xi,10,30,0.1,,1,0,1.0,-1.0,-1.0,1.0,-1.0
10,xi,10,30,0.2,,1,0,1.0,-1.0,-1.0,1.0,-1.0
10,dbscan,10,30,,0.2,0,1093,0.0,-1.0,-1.0,1.0,-1.0
10,dbscan,10,30,,0.3,0,1093,0.0,-1.0,-1.0,1.0,-1.0
10,dbscan,10,30,,0.5,0,1093,0.0,-1.0,-1.0,1.0,-1.0
10,dbscan,10,30,,1.0,0,1093,0.0,-1.0,-1.0,1.0,-1.0
10,xi,10,50,0.01,,1,164,0.85,-1.0,-1.0,1.0,-1.0
10,xi,10,50,0.03,,1,0,1.0,-1.0,-1.0,1.0,-1.0
10,xi,10,50,0.05,,1,0,1.0,-1.0,-1.0,1.0,-1.0
10,xi,10,50,0.1,,1,0,1.0,-1.0,-1.0,1.0,-1.0
10,xi,10,50,0.2,,1,0,1.0,-1.0,-1.0,1.0,-1.0
10,dbscan,10,50,,0.2,0,1093,0.0,-1.0,-1.0,1.0,-1.0
10,dbscan,10,50,,0.3,0,1093,0.0,-1.0,-1.0,1.0,-1.0
10,dbscan,10,50,,0.5,0,1093,0.0,-1.0,-1.0,1.0,-1.0
10,dbscan,10,50,,1.0,0,1093,0.0,-1.0,-1.0,1.0,-1.0
10,xi,20,10,0.01,,4,1006,0.0796,0.2672,0.0017,0.7692,0.0013
10,xi,20,10,0.03,,1,35,0.968,-1.0,-1.0,1.0,-1.0
10,xi,20,10,0.05,,1,0,1.0,-1.0,-1.0,1.0,-1.0
10,xi,20,10,0.1,,1,0,1.0,-1.0,-1.0,1.0,-1.0
10,xi,20,10,0.2,,1,0,1.0,-1.0,-1.0,1.0,-1.0
10,dbscan,20,10,,0.2,0,1093,0.0,-1.0,-1.0,1.0,-1.0
10,dbscan,20,10,,0.3,0,1093,0.0,-1.0,-1.0,1.0,-1.0
10,dbscan,20,10,,0.5,0,1093,0.0,-1.0,-1.0,1.0,-1.0
10,dbscan,20,10,,1.0,0,1093,0.0,-1.0,-1.0,1.0,-1.0
10,xi,20,20,0.01,,2,878,0.1967,0.3751,0.0145,1.0,0.0145
10,xi,20,20,0.03,,1,35,0.968,-1.0,-1.0,1.0,-1.0
10,xi,20,20,0.05,,1,0,1.0,-1.0,-1.0,1.0,-1.0
10,xi,20,20,0.1,,1,0,1.0,-1.0,-1.0,1.0,-1.0
10,xi,20,20,0.2,,1,0,1.0,-1.0,-1.0,1.0,-1.0
10,dbscan,20,20,,0.2,0,1093,0.0,-1.0,-1.0,1.0,-1.0
10,dbscan,20,20,,0.3,0,1093,0.0,-1.0,-1.0,1.0,-1.0
10,dbscan,20,20,,0.5,0,1093,0.0,-1.0,-1.0,1.0,-1.0
10,dbscan,20,20,,1.0,0,1093,0.0,-1.0,-1.0,1.0,-1.0
10,xi,20,30,0.01,,2,878,0.1967,0.3751,0.0145,1.0,0.0145
10,xi,20,30,0.03,,1,35,0.968,-1.0,-1.0,1.0,-1.0
10,xi,20,30,0.05,,1,0,1.0,-1.0,-1.0,1.0,-1.0
10,xi,20,30,0.1,,1,0,1.0,-1.0,-1.0,1.0,-1.0
10,xi,20,30,0.2,,1,0,1.0,-1.0,-1.0,1.0,-1.0
10,dbscan,20,30,,0.2,0,1093,0.0,-1.0,-1.0,1.0,-1.0
10,dbscan,20,30,,0.3,0,1093,0.0,-1.0,-1.0,1.0,-1.0
10,dbscan,20,30,,0.5,0,1093,0.0,-1.0,-1.0,1.0,-1.0
10,dbscan,20,30,,1.0,0,1093,0.0,-1.0,-1.0,1.0,-1.0
10,xi,20,50,0.01,,1,925,0.1537,-1.0,-1.0,1.0,-1.0
10,xi,20,50,0.03,,1,35,0.968,-1.0,-1.0,1.0,-1.0
10,xi,20,50,0.05,,1,0,1.0,-1.0,-1.0,1.0,-1.0
10,xi,20,50,0.1,,1,0,1.0,-1.0,-1.0,1.0,-1.0
10,xi,20,50,0.2,,1,0,1.0,-1.0,-1.0,1.0,-1.0
10,dbscan,20,50,,0.2,0,1093,0.0,-1.0,-1.0,1.0,-1.0
10,dbscan,20,50,,0.3,0,1093,0.0,-1.0,-1.0,1.0,-1.0
10,dbscan,20,50,,0.5,0,1093,0.0,-1.0,-1.0,1.0,-1.0
10,dbscan,20,50,,1.0,0,1093,0.0,-1.0,-1.0,1.0,-1.0
16,xi,3,10,0.01,,10,958,0.1235,0.2499,0.0038,0.4545,0.0017
16,xi,3,10,0.03,,4,1046,0.043,0.4241,0.0008,0.7692,0.0006
16,xi,3,10,0.05,,1,1081,0.011,-1.0,-1.0,1.0,-1.0
16,xi,3,10,0.1,,1,0,1.0,-1.0,-1.0,1.0,-1.0
16,xi,3,10,0.2,,1,0,1.0,-1.0,-1.0,1.0,-1.0
16,dbscan,3,10,,0.2,0,1093,0.0,-1.0,-1.0,1.0,-1.0
16,dbscan,3,10,,0.3,0,1093,0.0,-1.0,-1.0,1.0,-1.0
16,dbscan,3,10,,0.5,0,1093,0.0,-1.0,-1.0,1.0,-1.0
16,dbscan,3,10,,1.0,0,1093,0.0,-1.0,-1.0,1.0,-1.0
16,xi,3,20,0.01,,4,1002,0.0833,0.2833,0.002,0.7692,0.0015
16,xi,3,20,0.03,,1,33,0.9698,-1.0,-1.0,1.0,-1.0
16,xi,3,20,0.05,,1,13,0.9881,-1.0,-1.0,1.0,-1.0
16,xi,3,20,0.1,,1,0,1.0,-1.0,-1.0,1.0,-1.0
16,xi,3,20,0.2,,1,0,1.0,-1.0,-1.0,1.0,-1.0
16,dbscan,3,20,,0.2,0,1093,0.0,-1.0,-1.0,1.0,-1.0
16,dbscan,3,20,,0.3,0,1093,0.0,-1.0,-1.0,1.0,-1.0
16,dbscan,3,20,,0.5,0,1093,0.0,-1.0,-1.0,1.0,-1.0
16,dbscan,3,20,,1.0,0,1093,0.0,-1.0,-1.0,1.0,-1.0
16,xi,3,30,0.01,,1,1007,0.0787,-1.0,-1.0,1.0,-1.0
16,xi,3,30,0.03,,1,33,0.9698,-1.0,-1.0,1.0,-1.0
16,xi,3,30,0.05,,1,13,0.9881,-1.0,-1.0,1.0,-1.0
16,xi,3,30,0.1,,1,0,1.0,-1.0,-1.0,1.0,-1.0
16,xi,3,30,0.2,,1,0,1.0,-1.0,-1.0,1.0,-1.0
16,dbscan,3,30,,0.2,0,1093,0.0,-1.0,-1.0,1.0,-1.0
16,dbscan,3,30,,0.3,0,1093,0.0,-1.0,-1.0,1.0,-1.0
16,dbscan,3,30,,0.5,0,1093,0.0,-1.0,-1.0,1.0,-1.0
16,dbscan,3,30,,1.0,0,1093,0.0,-1.0,-1.0,1.0,-1.0
16,xi,3,50,0.01,,1,1007,0.0787,-1.0,-1.0,1.0,-1.0
16,xi,3,50,0.03,,1,33,0.9698,-1.0,-1.0,1.0,-1.0
16,xi,3,50,0.05,,1,13,0.9881,-1.0,-1.0,1.0,-1.0
16,xi,3,50,0.1,,1,0,1.0,-1.0,-1.0,1.0,-1.0
16,xi,3,50,0.2,,1,0,1.0,-1.0,-1.0,1.0,-1.0
16,dbscan,3,50,,0.2,0,1093,0.0,-1.0,-1.0,1.0,-1.0
16,dbscan,3,50,,0.3,0,1093,0.0,-1.0,-1.0,1.0,-1.0
16,dbscan,3,50,,0.5,0,1093,0.0,-1.0,-1.0,1.0,-1.0
16,dbscan,3,50,,1.0,0,1093,0.0,-1.0,-1.0,1.0,-1.0
16,xi,5,10,0.01,,7,1014,0.0723,0.3549,0.0019,0.5714,0.0011
16,xi,5,10,0.03,,1,1080,0.0119,-1.0,-1.0,1.0,-1.0
16,xi,5,10,0.05,,1,16,0.9854,-1.0,-1.0,1.0,-1.0
16,xi,5,10,0.1,,1,0,1.0,-1.0,-1.0,1.0,-1.0
16,xi,5,10,0.2,,1,0,1.0,-1.0,-1.0,1.0,-1.0
16,dbscan,5,10,,0.2,0,1093,0.0,-1.0,-1.0,1.0,-1.0
16,dbscan,5,10,,0.3,0,1093,0.0,-1.0,-1.0,1.0,-1.0
16,dbscan,5,10,,0.5,0,1093,0.0,-1.0,-1.0,1.0,-1.0
16,dbscan,5,10,,1.0,0,1093,0.0,-1.0,-1.0,1.0,-1.0
16,xi,5,20,0.01,,2,1050,0.0393,0.259,0.0004,1.0,0.0004
16,xi,5,20,0.03,,1,16,0.9854,-1.0,-1.0,1.0,-1.0
16,xi,5,20,0.05,,1,16,0.9854,-1.0,-1.0,1.0,-1.0
16,xi,5,20,0.1,,1,0,1.0,-1.0,-1.0,1.0,-1.0
16,xi,5,20,0.2,,1,0,1.0,-1.0,-1.0,1.0,-1.0
16,dbscan,5,20,,0.2,0,1093,0.0,-1.0,-1.0,1.0,-1.0
16,dbscan,5,20,,0.3,0,1093,0.0,-1.0,-1.0,1.0,-1.0
16,dbscan,5,20,,0.5,0,1093,0.0,-1.0,-1.0,1.0,-1.0
16,dbscan,5,20,,1.0,0,1093,0.0,-1.0,-1.0,1.0,-1.0
16,xi,5,30,0.01,,1,226,0.7932,-1.0,-1.0,1.0,-1.0
16,xi,5,30,0.03,,1,16,0.9854,-1.0,-1.0,1.0,-1.0
16,xi,5,30,0.05,,1,16,0.9854,-1.0,-1.0,1.0,-1.0
16,xi,5,30,0.1,,1,0,1.0,-1.0,-1.0,1.0,-1.0
16,xi,5,30,0.2,,1,0,1.0,-1.0,-1.0,1.0,-1.0
16,dbscan,5,30,,0.2,0,1093,0.0,-1.0,-1.0,1.0,-1.0
16,dbscan,5,30,,0.3,0,1093,0.0,-1.0,-1.0,1.0,-1.0
16,dbscan,5,30,,0.5,0,1093,0.0,-1.0,-1.0,1.0,-1.0
16,dbscan,5,30,,1.0,0,1093,0.0,-1.0,-1.0,1.0,-1.0
16,xi,5,50,0.01,,1,226,0.7932,-1.0,-1.0,1.0,-1.0
16,xi,5,50,0.03,,1,16,0.9854,-1.0,-1.0,1.0,-1.0
16,xi,5,50,0.05,,1,16,0.9854,-1.0,-1.0,1.0,-1.0
16,xi,5,50,0.1,,1,0,1.0,-1.0,-1.0,1.0,-1.0
16,xi,5,50,0.2,,1,0,1.0,-1.0,-1.0,1.0,-1.0
16,dbscan,5,50,,0.2,0,1093,0.0,-1.0,-1.0,1.0,-1.0
16,dbscan,5,50,,0.3,0,1093,0.0,-1.0,-1.0,1.0,-1.0
16,dbscan,5,50,,0.5,0,1093,0.0,-1.0,-1.0,1.0,-1.0
16,dbscan,5,50,,1.0,0,1093,0.0,-1.0,-1.0,1.0,-1.0
16,xi,10,10,0.01,,6,1019,0.0677,0.3545,0.0016,0.625,0.001
16,xi,10,10,0.03,,2,1068,0.0229,0.6793,0.0004,1.0,0.0004
16,xi,10,10,0.05,,1,1082,0.0101,-1.0,-1.0,1.0,-1.0
16,xi,10,10,0.1,,1,0,1.0,-1.0,-1.0,1.0,-1.0
16,xi,10,10,0.2,,1,0,1.0,-1.0,-1.0,1.0,-1.0
16,dbscan,10,10,,0.2,0,1093,0.0,-1.0,-1.0,1.0,-1.0
16,dbscan,10,10,,0.3,0,1093,0.0,-1.0,-1.0,1.0,-1.0
16,dbscan,10,10,,0.5,0,1093,0.0,-1.0,-1.0,1.0,-1.0
16,dbscan,10,10,,1.0,0,1093,0.0,-1.0,-1.0,1.0,-1.0
16,xi,10,20,0.01,,1,129,0.882,-1.0,-1.0,1.0,-1.0
16,xi,10,20,0.03,,1,0,1.0,-1.0,-1.0,1.0,-1.0
16,xi,10,20,0.05,,1,0,1.0,-1.0,-1.0,1.0,-1.0
16,xi,10,20,0.1,,1,0,1.0,-1.0,-1.0,1.0,-1.0
16,xi,10,20,0.2,,1,0,1.0,-1.0,-1.0,1.0,-1.0
16,dbscan,10,20,,0.2,0,1093,0.0,-1.0,-1.0,1.0,-1.0
16,dbscan,10,20,,0.3,0,1093,0.0,-1.0,-1.0,1.0,-1.0
16,dbscan,10,20,,0.5,0,1093,0.0,-1.0,-1.0,1.0,-1.0
16,dbscan,10,20,,1.0,0,1093,0.0,-1.0,-1.0,1.0,-1.0
16,xi,10,30,0.01,,1,129,0.882,-1.0,-1.0,1.0,-1.0
16,xi,10,30,0.03,,1,0,1.0,-1.0,-1.0,1.0,-1.0
16,xi,10,30,0.05,,1,0,1.0,-1.0,-1.0,1.0,-1.0
16,xi,10,30,0.1,,1,0,1.0,-1.0,-1.0,1.0,-1.0
16,xi,10,30,0.2,,1,0,1.0,-1.0,-1.0,1.0,-1.0
16,dbscan,10,30,,0.2,0,1093,0.0,-1.0,-1.0,1.0,-1.0
16,dbscan,10,30,,0.3,0,1093,0.0,-1.0,-1.0,1.0,-1.0
16,dbscan,10,30,,0.5,0,1093,0.0,-1.0,-1.0,1.0,-1.0
16,dbscan,10,30,,1.0,0,1093,0.0,-1.0,-1.0,1.0,-1.0
16,xi,10,50,0.01,,1,129,0.882,-1.0,-1.0,1.0,-1.0
16,xi,10,50,0.03,,1,0,1.0,-1.0,-1.0,1.0,-1.0
16,xi,10,50,0.05,,1,0,1.0,-1.0,-1.0,1.0,-1.0
16,xi,10,50,0.1,,1,0,1.0,-1.0,-1.0,1.0,-1.0
16,xi,10,50,0.2,,1,0,1.0,-1.0,-1.0,1.0,-1.0
16,dbscan,10,50,,0.2,0,1093,0.0,-1.0,-1.0,1.0,-1.0
16,dbscan,10,50,,0.3,0,1093,0.0,-1.0,-1.0,1.0,-1.0
16,dbscan,10,50,,0.5,0,1093,0.0,-1.0,-1.0,1.0,-1.0
16,dbscan,10,50,,1.0,0,1093,0.0,-1.0,-1.0,1.0,-1.0
16,xi,20,10,0.01,,4,1031,0.0567,0.2985,0.001,0.7692,0.0007
16,xi,20,10,0.03,,1,0,1.0,-1.0,-1.0,1.0,-1.0
16,xi,20,10,0.05,,1,0,1.0,-1.0,-1.0,1.0,-1.0
16,xi,20,10,0.1,,1,0,1.0,-1.0,-1.0,1.0,-1.0
16,xi,20,10,0.2,,1,0,1.0,-1.0,-1.0,1.0,-1.0
16,dbscan,20,10,,0.2,0,1093,0.0,-1.0,-1.0,1.0,-1.0
16,dbscan,20,10,,0.3,0,1093,0.0,-1.0,-1.0,1.0,-1.0
16,dbscan,20,10,,0.5,0,1093,0.0,-1.0,-1.0,1.0,-1.0
16,dbscan,20,10,,1.0,0,1093,0.0,-1.0,-1.0,1.0,-1.0
16,xi,20,20,0.01,,1,1072,0.0192,-1.0,-1.0,1.0,-1.0
16,xi,20,20,0.03,,1,0,1.0,-1.0,-1.0,1.0,-1.0
16,xi,20,20,0.05,,1,0,1.0,-1.0,-1.0,1.0,-1.0
16,xi,20,20,0.1,,1,0,1.0,-1.0,-1.0,1.0,-1.0
16,xi,20,20,0.2,,1,0,1.0,-1.0,-1.0,1.0,-1.0
16,dbscan,20,20,,0.2,0,1093,0.0,-1.0,-1.0,1.0,-1.0
16,dbscan,20,20,,0.3,0,1093,0.0,-1.0,-1.0,1.0,-1.0
16,dbscan,20,20,,0.5,0,1093,0.0,-1.0,-1.0,1.0,-1.0
16,dbscan,20,20,,1.0,0,1093,0.0,-1.0,-1.0,1.0,-1.0
16,xi,20,30,0.01,,1,1043,0.0457,-1.0,-1.0,1.0,-1.0
16,xi,20,30,0.03,,1,0,1.0,-1.0,-1.0,1.0,-1.0
16,xi,20,30,0.05,,1,0,1.0,-1.0,-1.0,1.0,-1.0
16,xi,20,30,0.1,,1,0,1.0,-1.0,-1.0,1.0,-1.0
16,xi,20,30,0.2,,1,0,1.0,-1.0,-1.0,1.0,-1.0
16,dbscan,20,30,,0.2,0,1093,0.0,-1.0,-1.0,1.0,-1.0
16,dbscan,20,30,,0.3,0,1093,0.0,-1.0,-1.0,1.0,-1.0
16,dbscan,20,30,,0.5,0,1093,0.0,-1.0,-1.0,1.0,-1.0
16,dbscan,20,30,,1.0,0,1093,0.0,-1.0,-1.0,1.0,-1.0
16,xi,20,50,0.01,,1,1043,0.0457,-1.0,-1.0,1.0,-1.0
16,xi,20,50,0.03,,1,0,1.0,-1.0,-1.0,1.0,-1.0
16,xi,20,50,0.05,,1,0,1.0,-1.0,-1.0,1.0,-1.0
16,xi,20,50,0.1,,1,0,1.0,-1.0,-1.0,1.0,-1.0
16,xi,20,50,0.2,,1,0,1.0,-1.0,-1.0,1.0,-1.0
16,dbscan,20,50,,0.2,0,1093,0.0,-1.0,-1.0,1.0,-1.0
16,dbscan,20,50,,0.3,0,1093,0.0,-1.0,-1.0,1.0,-1.0
16,dbscan,20,50,,0.5,0,1093,0.0,-1.0,-1.0,1.0,-1.0
16,dbscan,20,50,,1.0,0,1093,0.0,-1.0,-1.0,1.0,-1.0
12(auto),xi,3,10,0.01,,10,949,0.1317,0.2476,0.0043,0.4545,0.002
12(auto),xi,3,10,0.03,,5,1029,0.0586,0.2494,0.0009,0.6897,0.0006
12(auto),xi,3,10,0.05,,2,1069,0.022,0.5753,0.0003,1.0,0.0003
12(auto),xi,3,10,0.1,,1,0,1.0,-1.0,-1.0,1.0,-1.0
12(auto),xi,3,10,0.2,,1,0,1.0,-1.0,-1.0,1.0,-1.0
12(auto),dbscan,3,10,,0.2,0,1093,0.0,-1.0,-1.0,1.0,-1.0
12(auto),dbscan,3,10,,0.3,0,1093,0.0,-1.0,-1.0,1.0,-1.0
12(auto),dbscan,3,10,,0.5,0,1093,0.0,-1.0,-1.0,1.0,-1.0
12(auto),dbscan,3,10,,1.0,0,1093,0.0,-1.0,-1.0,1.0,-1.0
12(auto),xi,3,20,0.01,,4,981,0.1025,0.2933,0.0031,0.7692,0.0024
12(auto),xi,3,20,0.03,,1,21,0.9808,-1.0,-1.0,1.0,-1.0
12(auto),xi,3,20,0.05,,1,0,1.0,-1.0,-1.0,1.0,-1.0
12(auto),xi,3,20,0.1,,1,0,1.0,-1.0,-1.0,1.0,-1.0
12(auto),xi,3,20,0.2,,1,0,1.0,-1.0,-1.0,1.0,-1.0
12(auto),dbscan,3,20,,0.2,0,1093,0.0,-1.0,-1.0,1.0,-1.0
12(auto),dbscan,3,20,,0.3,0,1093,0.0,-1.0,-1.0,1.0,-1.0
12(auto),dbscan,3,20,,0.5,0,1093,0.0,-1.0,-1.0,1.0,-1.0
12(auto),dbscan,3,20,,1.0,0,1093,0.0,-1.0,-1.0,1.0,-1.0
12(auto),xi,3,30,0.01,,3,948,0.1327,0.323,0.0057,0.8696,0.0049
12(auto),xi,3,30,0.03,,1,21,0.9808,-1.0,-1.0,1.0,-1.0
12(auto),xi,3,30,0.05,,1,0,1.0,-1.0,-1.0,1.0,-1.0
12(auto),xi,3,30,0.1,,1,0,1.0,-1.0,-1.0,1.0,-1.0
12(auto),xi,3,30,0.2,,1,0,1.0,-1.0,-1.0,1.0,-1.0
12(auto),dbscan,3,30,,0.2,0,1093,0.0,-1.0,-1.0,1.0,-1.0
12(auto),dbscan,3,30,,0.3,0,1093,0.0,-1.0,-1.0,1.0,-1.0
12(auto),dbscan,3,30,,0.5,0,1093,0.0,-1.0,-1.0,1.0,-1.0
12(auto),dbscan,3,30,,1.0,0,1093,0.0,-1.0,-1.0,1.0,-1.0
12(auto),xi,3,50,0.01,,1,1012,0.0741,-1.0,-1.0,1.0,-1.0
12(auto),xi,3,50,0.03,,1,21,0.9808,-1.0,-1.0,1.0,-1.0
12(auto),xi,3,50,0.05,,1,0,1.0,-1.0,-1.0,1.0,-1.0
12(auto),xi,3,50,0.1,,1,0,1.0,-1.0,-1.0,1.0,-1.0
12(auto),xi,3,50,0.2,,1,0,1.0,-1.0,-1.0,1.0,-1.0
12(auto),dbscan,3,50,,0.2,0,1093,0.0,-1.0,-1.0,1.0,-1.0
12(auto),dbscan,3,50,,0.3,0,1093,0.0,-1.0,-1.0,1.0,-1.0
12(auto),dbscan,3,50,,0.5,0,1093,0.0,-1.0,-1.0,1.0,-1.0
12(auto),dbscan,3,50,,1.0,0,1093,0.0,-1.0,-1.0,1.0,-1.0
12(auto),xi,5,10,0.01,,9,972,0.1107,0.2751,0.0034,0.4878,0.0016
12(auto),xi,5,10,0.03,,1,1079,0.0128,-1.0,-1.0,1.0,-1.0
12(auto),xi,5,10,0.05,,1,0,1.0,-1.0,-1.0,1.0,-1.0
12(auto),xi,5,10,0.1,,1,0,1.0,-1.0,-1.0,1.0,-1.0
12(auto),xi,5,10,0.2,,1,0,1.0,-1.0,-1.0,1.0,-1.0
12(auto),dbscan,5,10,,0.2,0,1093,0.0,-1.0,-1.0,1.0,-1.0
12(auto),dbscan,5,10,,0.3,0,1093,0.0,-1.0,-1.0,1.0,-1.0
12(auto),dbscan,5,10,,0.5,0,1093,0.0,-1.0,-1.0,1.0,-1.0
12(auto),dbscan,5,10,,1.0,0,1093,0.0,-1.0,-1.0,1.0,-1.0
12(auto),xi,5,20,0.01,,3,1012,0.0741,0.3349,0.0018,0.8696,0.0016
12(auto),xi,5,20,0.03,,1,0,1.0,-1.0,-1.0,1.0,-1.0
12(auto),xi,5,20,0.05,,1,0,1.0,-1.0,-1.0,1.0,-1.0
12(auto),xi,5,20,0.1,,1,0,1.0,-1.0,-1.0,1.0,-1.0
12(auto),xi,5,20,0.2,,1,0,1.0,-1.0,-1.0,1.0,-1.0
12(auto),dbscan,5,20,,0.2,0,1093,0.0,-1.0,-1.0,1.0,-1.0
12(auto),dbscan,5,20,,0.3,0,1093,0.0,-1.0,-1.0,1.0,-1.0
12(auto),dbscan,5,20,,0.5,0,1093,0.0,-1.0,-1.0,1.0,-1.0
12(auto),dbscan,5,20,,1.0,0,1093,0.0,-1.0,-1.0,1.0,-1.0
12(auto),xi,5,30,0.01,,3,993,0.0915,0.3035,0.0025,0.8696,0.0022
12(auto),xi,5,30,0.03,,1,0,1.0,-1.0,-1.0,1.0,-1.0
12(auto),xi,5,30,0.05,,1,0,1.0,-1.0,-1.0,1.0,-1.0
12(auto),xi,5,30,0.1,,1,0,1.0,-1.0,-1.0,1.0,-1.0
12(auto),xi,5,30,0.2,,1,0,1.0,-1.0,-1.0,1.0,-1.0
12(auto),dbscan,5,30,,0.2,0,1093,0.0,-1.0,-1.0,1.0,-1.0
12(auto),dbscan,5,30,,0.3,0,1093,0.0,-1.0,-1.0,1.0,-1.0
12(auto),dbscan,5,30,,0.5,0,1093,0.0,-1.0,-1.0,1.0,-1.0
12(auto),dbscan,5,30,,1.0,0,1093,0.0,-1.0,-1.0,1.0,-1.0
12(auto),xi,5,50,0.01,,1,1034,0.054,-1.0,-1.0,1.0,-1.0
12(auto),xi,5,50,0.03,,1,0,1.0,-1.0,-1.0,1.0,-1.0
12(auto),xi,5,50,0.05,,1,0,1.0,-1.0,-1.0,1.0,-1.0
12(auto),xi,5,50,0.1,,1,0,1.0,-1.0,-1.0,1.0,-1.0
12(auto),xi,5,50,0.2,,1,0,1.0,-1.0,-1.0,1.0,-1.0
12(auto),dbscan,5,50,,0.2,0,1093,0.0,-1.0,-1.0,1.0,-1.0
12(auto),dbscan,5,50,,0.3,0,1093,0.0,-1.0,-1.0,1.0,-1.0
12(auto),dbscan,5,50,,0.5,0,1093,0.0,-1.0,-1.0,1.0,-1.0
12(auto),dbscan,5,50,,1.0,0,1093,0.0,-1.0,-1.0,1.0,-1.0
12(auto),xi,10,10,0.01,,7,991,0.0933,0.2679,0.0023,0.5714,0.0013
12(auto),xi,10,10,0.03,,2,1066,0.0247,0.7014,0.0004,1.0,0.0004
12(auto),xi,10,10,0.05,,1,0,1.0,-1.0,-1.0,1.0,-1.0
12(auto),xi,10,10,0.1,,1,0,1.0,-1.0,-1.0,1.0,-1.0
12(auto),xi,10,10,0.2,,1,0,1.0,-1.0,-1.0,1.0,-1.0
12(auto),dbscan,10,10,,0.2,0,1093,0.0,-1.0,-1.0,1.0,-1.0
12(auto),dbscan,10,10,,0.3,0,1093,0.0,-1.0,-1.0,1.0,-1.0
12(auto),dbscan,10,10,,0.5,0,1093,0.0,-1.0,-1.0,1.0,-1.0
12(auto),dbscan,10,10,,1.0,0,1093,0.0,-1.0,-1.0,1.0,-1.0
12(auto),xi,10,20,0.01,,2,1041,0.0476,0.5045,0.0011,1.0,0.0011
12(auto),xi,10,20,0.03,,1,0,1.0,-1.0,-1.0,1.0,-1.0
12(auto),xi,10,20,0.05,,1,0,1.0,-1.0,-1.0,1.0,-1.0
12(auto),xi,10,20,0.1,,1,0,1.0,-1.0,-1.0,1.0,-1.0
12(auto),xi,10,20,0.2,,1,0,1.0,-1.0,-1.0,1.0,-1.0
12(auto),dbscan,10,20,,0.2,0,1093,0.0,-1.0,-1.0,1.0,-1.0
12(auto),dbscan,10,20,,0.3,0,1093,0.0,-1.0,-1.0,1.0,-1.0
12(auto),dbscan,10,20,,0.5,0,1093,0.0,-1.0,-1.0,1.0,-1.0
12(auto),dbscan,10,20,,1.0,0,1093,0.0,-1.0,-1.0,1.0,-1.0
12(auto),xi,10,30,0.01,,1,1061,0.0293,-1.0,-1.0,1.0,-1.0
12(auto),xi,10,30,0.03,,1,0,1.0,-1.0,-1.0,1.0,-1.0
12(auto),xi,10,30,0.05,,1,0,1.0,-1.0,-1.0,1.0,-1.0
12(auto),xi,10,30,0.1,,1,0,1.0,-1.0,-1.0,1.0,-1.0
12(auto),xi,10,30,0.2,,1,0,1.0,-1.0,-1.0,1.0,-1.0
12(auto),dbscan,10,30,,0.2,0,1093,0.0,-1.0,-1.0,1.0,-1.0
12(auto),dbscan,10,30,,0.3,0,1093,0.0,-1.0,-1.0,1.0,-1.0
12(auto),dbscan,10,30,,0.5,0,1093,0.0,-1.0,-1.0,1.0,-1.0
12(auto),dbscan,10,30,,1.0,0,1093,0.0,-1.0,-1.0,1.0,-1.0
12(auto),xi,10,50,0.01,,1,1036,0.0522,-1.0,-1.0,1.0,-1.0
12(auto),xi,10,50,0.03,,1,0,1.0,-1.0,-1.0,1.0,-1.0
12(auto),xi,10,50,0.05,,1,0,1.0,-1.0,-1.0,1.0,-1.0
12(auto),xi,10,50,0.1,,1,0,1.0,-1.0,-1.0,1.0,-1.0
12(auto),xi,10,50,0.2,,1,0,1.0,-1.0,-1.0,1.0,-1.0
12(auto),dbscan,10,50,,0.2,0,1093,0.0,-1.0,-1.0,1.0,-1.0
12(auto),dbscan,10,50,,0.3,0,1093,0.0,-1.0,-1.0,1.0,-1.0
12(auto),dbscan,10,50,,0.5,0,1093,0.0,-1.0,-1.0,1.0,-1.0
12(auto),dbscan,10,50,,1.0,0,1093,0.0,-1.0,-1.0,1.0,-1.0
12(auto),xi,20,10,0.01,,1,1074,0.0174,-1.0,-1.0,1.0,-1.0
12(auto),xi,20,10,0.03,,1,1074,0.0174,-1.0,-1.0,1.0,-1.0
12(auto),xi,20,10,0.05,,1,0,1.0,-1.0,-1.0,1.0,-1.0
12(auto),xi,20,10,0.1,,1,0,1.0,-1.0,-1.0,1.0,-1.0
12(auto),xi,20,10,0.2,,1,0,1.0,-1.0,-1.0,1.0,-1.0
12(auto),dbscan,20,10,,0.2,0,1093,0.0,-1.0,-1.0,1.0,-1.0
12(auto),dbscan,20,10,,0.3,0,1093,0.0,-1.0,-1.0,1.0,-1.0
12(auto),dbscan,20,10,,0.5,0,1093,0.0,-1.0,-1.0,1.0,-1.0
12(auto),dbscan,20,10,,1.0,0,1093,0.0,-1.0,-1.0,1.0,-1.0
12(auto),xi,20,20,0.01,,1,1042,0.0467,-1.0,-1.0,1.0,-1.0
12(auto),xi,20,20,0.03,,1,0,1.0,-1.0,-1.0,1.0,-1.0
12(auto),xi,20,20,0.05,,1,0,1.0,-1.0,-1.0,1.0,-1.0
12(auto),xi,20,20,0.1,,1,0,1.0,-1.0,-1.0,1.0,-1.0
12(auto),xi,20,20,0.2,,1,0,1.0,-1.0,-1.0,1.0,-1.0
12(auto),dbscan,20,20,,0.2,0,1093,0.0,-1.0,-1.0,1.0,-1.0
12(auto),dbscan,20,20,,0.3,0,1093,0.0,-1.0,-1.0,1.0,-1.0
12(auto),dbscan,20,20,,0.5,0,1093,0.0,-1.0,-1.0,1.0,-1.0
12(auto),dbscan,20,20,,1.0,0,1093,0.0,-1.0,-1.0,1.0,-1.0
12(auto),xi,20,30,0.01,,1,1042,0.0467,-1.0,-1.0,1.0,-1.0
12(auto),xi,20,30,0.03,,1,0,1.0,-1.0,-1.0,1.0,-1.0
12(auto),xi,20,30,0.05,,1,0,1.0,-1.0,-1.0,1.0,-1.0
12(auto),xi,20,30,0.1,,1,0,1.0,-1.0,-1.0,1.0,-1.0
12(auto),xi,20,30,0.2,,1,0,1.0,-1.0,-1.0,1.0,-1.0
12(auto),dbscan,20,30,,0.2,0,1093,0.0,-1.0,-1.0,1.0,-1.0
12(auto),dbscan,20,30,,0.3,0,1093,0.0,-1.0,-1.0,1.0,-1.0
12(auto),dbscan,20,30,,0.5,0,1093,0.0,-1.0,-1.0,1.0,-1.0
12(auto),dbscan,20,30,,1.0,0,1093,0.0,-1.0,-1.0,1.0,-1.0
12(auto),xi,20,50,0.01,,1,1042,0.0467,-1.0,-1.0,1.0,-1.0
12(auto),xi,20,50,0.03,,1,0,1.0,-1.0,-1.0,1.0,-1.0
12(auto),xi,20,50,0.05,,1,0,1.0,-1.0,-1.0,1.0,-1.0
12(auto),xi,20,50,0.1,,1,0,1.0,-1.0,-1.0,1.0,-1.0
12(auto),xi,20,50,0.2,,1,0,1.0,-1.0,-1.0,1.0,-1.0
12(auto),dbscan,20,50,,0.2,0,1093,0.0,-1.0,-1.0,1.0,-1.0
12(auto),dbscan,20,50,,0.3,0,1093,0.0,-1.0,-1.0,1.0,-1.0
12(auto),dbscan,20,50,,0.5,0,1093,0.0,-1.0,-1.0,1.0,-1.0
12(auto),dbscan,20,50,,1.0,0,1093,0.0,-1.0,-1.0,1.0,-1.0
UMAP-5D,xi,3,10,0.01,,46,495,0.5471,0.5815,0.1741,0.1316,0.0229
UMAP-5D,xi,3,10,0.03,,44,516,0.5279,0.5932,0.1653,0.137,0.0226
UMAP-5D,xi,3,10,0.05,,44,513,0.5306,0.5945,0.1674,0.137,0.0229
UMAP-5D,xi,3,10,0.1,,39,595,0.4556,0.6448,0.1339,0.1527,0.0204
UMAP-5D,xi,3,10,0.2,,22,799,0.269,0.6528,0.0472,0.25,0.0118
UMAP-5D,dbscan,3,10,,0.2,82,261,0.7612,0.4335,0.2512,0.0769,0.0193
UMAP-5D,dbscan,3,10,,0.3,42,55,0.9497,0.2802,0.2527,0.1429,0.0361
UMAP-5D,dbscan,3,10,,0.5,5,0,1.0,-0.1545,-1.0,1.0,-1.0
UMAP-5D,dbscan,3,10,,1.0,1,0,1.0,-1.0,-1.0,1.0,-1.0
UMAP-5D,xi,3,20,0.01,,23,481,0.5599,0.5568,0.1746,0.241,0.0421
UMAP-5D,xi,3,20,0.03,,23,450,0.5883,0.5476,0.1895,0.241,0.0457
UMAP-5D,xi,3,20,0.05,,23,453,0.5855,0.5485,0.1881,0.241,0.0453
UMAP-5D,xi,3,20,0.1,,21,449,0.5892,0.5681,0.1972,0.2597,0.0512
UMAP-5D,xi,3,20,0.2,,7,854,0.2187,0.7157,0.0342,0.5714,0.0196
UMAP-5D,dbscan,3,20,,0.2,82,261,0.7612,0.4335,0.2512,0.0769,0.0193
UMAP-5D,dbscan,3,20,,0.3,42,55,0.9497,0.2802,0.2527,0.1429,0.0361
UMAP-5D,dbscan,3,20,,0.5,5,0,1.0,-0.1545,-1.0,1.0,-1.0
UMAP-5D,dbscan,3,20,,1.0,1,0,1.0,-1.0,-1.0,1.0,-1.0
UMAP-5D,xi,3,30,0.01,,20,356,0.6743,0.5366,0.244,0.2703,0.0659
UMAP-5D,xi,3,30,0.03,,18,389,0.6441,0.559,0.2319,0.2941,0.0682
UMAP-5D,xi,3,30,0.05,,17,401,0.6331,0.5813,0.233,0.3077,0.0717
UMAP-5D,xi,3,30,0.1,,15,478,0.5627,0.583,0.1846,0.339,0.0626
UMAP-5D,xi,3,30,0.2,,7,831,0.2397,0.6863,0.0394,0.5714,0.0225
UMAP-5D,dbscan,3,30,,0.2,82,261,0.7612,0.4335,0.2512,0.0769,0.0193
UMAP-5D,dbscan,3,30,,0.3,42,55,0.9497,0.2802,0.2527,0.1429,0.0361
UMAP-5D,dbscan,3,30,,0.5,5,0,1.0,-0.1545,-1.0,1.0,-1.0
UMAP-5D,dbscan,3,30,,1.0,1,0,1.0,-1.0,-1.0,1.0,-1.0
UMAP-5D,xi,3,50,0.01,,7,671,0.3861,0.5926,0.0883,0.5714,0.0505
UMAP-5D,xi,3,50,0.03,,7,671,0.3861,0.5926,0.0883,0.5714,0.0505
UMAP-5D,xi,3,50,0.05,,5,791,0.2763,0.7499,0.0573,0.6897,0.0395
UMAP-5D,xi,3,50,0.1,,4,564,0.484,0.5011,0.1174,0.7692,0.0903
UMAP-5D,xi,3,50,0.2,,1,1043,0.0457,-1.0,-1.0,1.0,-1.0
UMAP-5D,dbscan,3,50,,0.2,82,261,0.7612,0.4335,0.2512,0.0769,0.0193
UMAP-5D,dbscan,3,50,,0.3,42,55,0.9497,0.2802,0.2527,0.1429,0.0361
UMAP-5D,dbscan,3,50,,0.5,5,0,1.0,-0.1545,-1.0,1.0,-1.0
UMAP-5D,dbscan,3,50,,1.0,1,0,1.0,-1.0,-1.0,1.0,-1.0
UMAP-5D,xi,5,10,0.01,,46,495,0.5471,0.5849,0.1751,0.1316,0.023
UMAP-5D,xi,5,10,0.03,,45,518,0.5261,0.5947,0.1646,0.1342,0.0221
UMAP-5D,xi,5,10,0.05,,43,535,0.5105,0.6095,0.1589,0.1399,0.0222
UMAP-5D,xi,5,10,0.1,,37,547,0.4995,0.6113,0.1525,0.16,0.0244
UMAP-5D,xi,5,10,0.2,,12,919,0.1592,0.7328,0.0186,0.4,0.0074
UMAP-5D,dbscan,5,10,,0.2,54,458,0.581,0.5194,0.1753,0.1136,0.0199
UMAP-5D,dbscan,5,10,,0.3,36,135,0.8765,0.4446,0.3416,0.1639,0.056
UMAP-5D,dbscan,5,10,,0.5,4,3,0.9973,0.0039,0.0038,0.7692,0.003
UMAP-5D,dbscan,5,10,,1.0,1,0,1.0,-1.0,-1.0,1.0,-1.0
UMAP-5D,xi,5,20,0.01,,25,426,0.6102,0.5377,0.2002,0.2247,0.045
UMAP-5D,xi,5,20,0.03,,25,391,0.6423,0.5346,0.2205,0.2247,0.0496
UMAP-5D,xi,5,20,0.05,,24,424,0.6121,0.5516,0.2066,0.2326,0.0481
UMAP-5D,xi,5,20,0.1,,16,563,0.4849,0.6392,0.1503,0.3226,0.0485
UMAP-5D,xi,5,20,0.2,,7,800,0.2681,0.7164,0.0515,0.5714,0.0294
UMAP-5D,dbscan,5,20,,0.2,54,458,0.581,0.5194,0.1753,0.1136,0.0199
UMAP-5D,dbscan,5,20,,0.3,36,135,0.8765,0.4446,0.3416,0.1639,0.056
UMAP-5D,dbscan,5,20,,0.5,4,3,0.9973,0.0039,0.0038,0.7692,0.003
UMAP-5D,dbscan,5,20,,1.0,1,0,1.0,-1.0,-1.0,1.0,-1.0
UMAP-5D,xi,5,30,0.01,,20,336,0.6926,0.5342,0.2563,0.2703,0.0693
UMAP-5D,xi,5,30,0.03,,20,274,0.7493,0.5236,0.294,0.2703,0.0794
UMAP-5D,xi,5,30,0.05,,19,287,0.7374,0.5304,0.2884,0.2817,0.0812
UMAP-5D,xi,5,30,0.1,,13,539,0.5069,0.6274,0.1612,0.3774,0.0608
UMAP-5D,xi,5,30,0.2,,7,777,0.2891,0.7166,0.0599,0.5714,0.0342
UMAP-5D,dbscan,5,30,,0.2,54,458,0.581,0.5194,0.1753,0.1136,0.0199
UMAP-5D,dbscan,5,30,,0.3,36,135,0.8765,0.4446,0.3416,0.1639,0.056
UMAP-5D,dbscan,5,30,,0.5,4,3,0.9973,0.0039,0.0038,0.7692,0.003
UMAP-5D,dbscan,5,30,,1.0,1,0,1.0,-1.0,-1.0,1.0,-1.0
UMAP-5D,xi,5,50,0.01,,9,497,0.5453,0.4485,0.1334,0.4878,0.0651
UMAP-5D,xi,5,50,0.03,,9,412,0.6231,0.382,0.1483,0.4878,0.0723
UMAP-5D,xi,5,50,0.05,,6,714,0.3468,0.6079,0.0731,0.625,0.0457
UMAP-5D,xi,5,50,0.1,,4,835,0.236,0.6611,0.0368,0.7692,0.0283
UMAP-5D,xi,5,50,0.2,,2,977,0.1061,0.8937,0.0101,1.0,0.0101
UMAP-5D,dbscan,5,50,,0.2,54,458,0.581,0.5194,0.1753,0.1136,0.0199
UMAP-5D,dbscan,5,50,,0.3,36,135,0.8765,0.4446,0.3416,0.1639,0.056
UMAP-5D,dbscan,5,50,,0.5,4,3,0.9973,0.0039,0.0038,0.7692,0.003
UMAP-5D,dbscan,5,50,,1.0,1,0,1.0,-1.0,-1.0,1.0,-1.0
UMAP-5D,xi,10,10,0.01,,39,288,0.7365,0.4567,0.2477,0.1527,0.0378
UMAP-5D,xi,10,10,0.03,,39,352,0.678,0.4966,0.2283,0.1527,0.0348
UMAP-5D,xi,10,10,0.05,,37,420,0.6157,0.5315,0.2015,0.16,0.0322
UMAP-5D,xi,10,10,0.1,,24,658,0.398,0.6504,0.103,0.2326,0.024
UMAP-5D,xi,10,10,0.2,,7,869,0.2049,0.7373,0.031,0.5714,0.0177
UMAP-5D,dbscan,10,10,,0.2,15,898,0.1784,0.7508,0.0239,0.339,0.0081
UMAP-5D,dbscan,10,10,,0.3,25,457,0.5819,0.5634,0.1908,0.2247,0.0429
UMAP-5D,dbscan,10,10,,0.5,5,23,0.979,0.2219,0.2126,0.6897,0.1466
UMAP-5D,dbscan,10,10,,1.0,1,0,1.0,-1.0,-1.0,1.0,-1.0
UMAP-5D,xi,10,20,0.01,,25,377,0.6551,0.5108,0.2192,0.2247,0.0493
UMAP-5D,xi,10,20,0.03,,22,469,0.5709,0.5618,0.1831,0.25,0.0458
UMAP-5D,xi,10,20,0.05,,20,474,0.5663,0.5863,0.1881,0.2703,0.0508
UMAP-5D,xi,10,20,0.1,,15,535,0.5105,0.6412,0.1671,0.339,0.0567
UMAP-5D,xi,10,20,0.2,,5,859,0.2141,0.7308,0.0335,0.6897,0.0231
UMAP-5D,dbscan,10,20,,0.2,15,898,0.1784,0.7508,0.0239,0.339,0.0081
UMAP-5D,dbscan,10,20,,0.3,25,457,0.5819,0.5634,0.1908,0.2247,0.0429
UMAP-5D,dbscan,10,20,,0.5,5,23,0.979,0.2219,0.2126,0.6897,0.1466
UMAP-5D,dbscan,10,20,,1.0,1,0,1.0,-1.0,-1.0,1.0,-1.0
UMAP-5D,xi,10,30,0.01,,20,297,0.7283,0.5076,0.2692,0.2703,0.0728
UMAP-5D,xi,10,30,0.03,,17,419,0.6167,0.5734,0.218,0.3077,0.0671
UMAP-5D,xi,10,30,0.05,,17,418,0.6176,0.5874,0.224,0.3077,0.0689
UMAP-5D,xi,10,30,0.1,,13,529,0.516,0.6455,0.1719,0.3774,0.0649
UMAP-5D,xi,10,30,0.2,,5,859,0.2141,0.7308,0.0335,0.6897,0.0231
UMAP-5D,dbscan,10,30,,0.2,15,898,0.1784,0.7508,0.0239,0.339,0.0081
UMAP-5D,dbscan,10,30,,0.3,25,457,0.5819,0.5634,0.1908,0.2247,0.0429
UMAP-5D,dbscan,10,30,,0.5,5,23,0.979,0.2219,0.2126,0.6897,0.1466
UMAP-5D,dbscan,10,30,,1.0,1,0,1.0,-1.0,-1.0,1.0,-1.0
UMAP-5D,xi,10,50,0.01,,8,542,0.5041,0.478,0.1215,0.5263,0.0639
UMAP-5D,xi,10,50,0.03,,7,573,0.4758,0.5371,0.1216,0.5714,0.0695
UMAP-5D,xi,10,50,0.05,,6,714,0.3468,0.5931,0.0713,0.625,0.0446
UMAP-5D,xi,10,50,0.1,,3,912,0.1656,0.8327,0.0228,0.8696,0.0199
UMAP-5D,xi,10,50,0.2,,1,1023,0.064,-1.0,-1.0,1.0,-1.0
UMAP-5D,dbscan,10,50,,0.2,15,898,0.1784,0.7508,0.0239,0.339,0.0081
UMAP-5D,dbscan,10,50,,0.3,25,457,0.5819,0.5634,0.1908,0.2247,0.0429
UMAP-5D,dbscan,10,50,,0.5,5,23,0.979,0.2219,0.2126,0.6897,0.1466
UMAP-5D,dbscan,10,50,,1.0,1,0,1.0,-1.0,-1.0,1.0,-1.0
UMAP-5D,xi,20,10,0.01,,25,279,0.7447,0.482,0.2673,0.2247,0.0601
UMAP-5D,xi,20,10,0.03,,22,377,0.6551,0.5285,0.2268,0.25,0.0567
UMAP-5D,xi,20,10,0.05,,19,493,0.5489,0.5763,0.1737,0.2817,0.0489
UMAP-5D,xi,20,10,0.1,,10,683,0.3751,0.6843,0.0963,0.4545,0.0438
UMAP-5D,xi,20,10,0.2,,2,987,0.097,0.6824,0.0064,1.0,0.0064
UMAP-5D,dbscan,20,10,,0.2,0,1093,0.0,-1.0,-1.0,1.0,-1.0
UMAP-5D,dbscan,20,10,,0.3,4,1009,0.0769,0.7239,0.0043,0.7692,0.0033
UMAP-5D,dbscan,20,10,,0.5,12,248,0.7731,0.4077,0.2437,0.4,0.0975
UMAP-5D,dbscan,20,10,,1.0,1,0,1.0,-1.0,-1.0,1.0,-1.0
UMAP-5D,xi,20,20,0.01,,22,272,0.7511,0.5019,0.2832,0.25,0.0708
UMAP-5D,xi,20,20,0.03,,20,360,0.6706,0.5485,0.2467,0.2703,0.0667
UMAP-5D,xi,20,20,0.05,,16,512,0.5316,0.6084,0.1719,0.3226,0.0555
UMAP-5D,xi,20,20,0.1,,9,702,0.3577,0.6922,0.0886,0.4878,0.0432
UMAP-5D,xi,20,20,0.2,,2,987,0.097,0.6824,0.0064,1.0,0.0064
UMAP-5D,dbscan,20,20,,0.2,0,1093,0.0,-1.0,-1.0,1.0,-1.0
UMAP-5D,dbscan,20,20,,0.3,4,1009,0.0769,0.7239,0.0043,0.7692,0.0033
UMAP-5D,dbscan,20,20,,0.5,12,248,0.7731,0.4077,0.2437,0.4,0.0975
UMAP-5D,dbscan,20,20,,1.0,1,0,1.0,-1.0,-1.0,1.0,-1.0
UMAP-5D,xi,20,30,0.01,,18,341,0.688,0.5365,0.254,0.2941,0.0747
UMAP-5D,xi,20,30,0.03,,16,435,0.602,0.5922,0.2146,0.3226,0.0692
UMAP-5D,xi,20,30,0.05,,14,530,0.5151,0.6093,0.1617,0.3571,0.0577
UMAP-5D,xi,20,30,0.1,,8,731,0.3312,0.7109,0.078,0.5263,0.041
UMAP-5D,xi,20,30,0.2,,2,987,0.097,0.6824,0.0064,1.0,0.0064
UMAP-5D,dbscan,20,30,,0.2,0,1093,0.0,-1.0,-1.0,1.0,-1.0
UMAP-5D,dbscan,20,30,,0.3,4,1009,0.0769,0.7239,0.0043,0.7692,0.0033
UMAP-5D,dbscan,20,30,,0.5,12,248,0.7731,0.4077,0.2437,0.4,0.0975
UMAP-5D,dbscan,20,30,,1.0,1,0,1.0,-1.0,-1.0,1.0,-1.0
UMAP-5D,xi,20,50,0.01,,6,673,0.3843,0.6387,0.0943,0.625,0.0589
UMAP-5D,xi,20,50,0.03,,6,683,0.3751,0.648,0.0912,0.625,0.057
UMAP-5D,xi,20,50,0.05,,2,970,0.1125,0.8873,0.0112,1.0,0.0112
UMAP-5D,xi,20,50,0.1,,2,970,0.1125,0.8873,0.0112,1.0,0.0112
UMAP-5D,xi,20,50,0.2,,1,1022,0.065,-1.0,-1.0,1.0,-1.0
UMAP-5D,dbscan,20,50,,0.2,0,1093,0.0,-1.0,-1.0,1.0,-1.0
UMAP-5D,dbscan,20,50,,0.3,4,1009,0.0769,0.7239,0.0043,0.7692,0.0033
UMAP-5D,dbscan,20,50,,0.5,12,248,0.7731,0.4077,0.2437,0.4,0.0975
UMAP-5D,dbscan,20,50,,1.0,1,0,1.0,-1.0,-1.0,1.0,-1.0
UMAP-10D,xi,3,10,0.01,,47,492,0.5499,0.5724,0.1731,0.129,0.0223
UMAP-10D,xi,3,10,0.03,,46,495,0.5471,0.5696,0.1705,0.1316,0.0224
UMAP-10D,xi,3,10,0.05,,45,479,0.5618,0.5537,0.1747,0.1342,0.0235
UMAP-10D,xi,3,10,0.1,,38,569,0.4794,0.5826,0.1339,0.1562,0.0209
UMAP-10D,xi,3,10,0.2,,22,755,0.3092,0.6814,0.0652,0.25,0.0163
UMAP-10D,dbscan,3,10,,0.2,94,268,0.7548,0.5051,0.2878,0.0676,0.0194
UMAP-10D,dbscan,3,10,,0.3,39,66,0.9396,0.2691,0.2376,0.1527,0.0363
UMAP-10D,dbscan,3,10,,0.5,3,2,0.9982,0.1708,0.1702,0.8696,0.148
UMAP-10D,dbscan,3,10,,1.0,1,0,1.0,-1.0,-1.0,1.0,-1.0
UMAP-10D,xi,3,20,0.01,,22,527,0.5178,0.5909,0.1585,0.25,0.0396
UMAP-10D,xi,3,20,0.03,,21,538,0.5078,0.5993,0.1545,0.2597,0.0401
UMAP-10D,xi,3,20,0.05,,20,528,0.5169,0.5966,0.1594,0.2703,0.0431
UMAP-10D,xi,3,20,0.1,,15,611,0.441,0.6391,0.1243,0.339,0.0421
UMAP-10D,xi,3,20,0.2,,7,796,0.2717,0.6851,0.0506,0.5714,0.0289
UMAP-10D,dbscan,3,20,,0.2,94,268,0.7548,0.5051,0.2878,0.0676,0.0194
UMAP-10D,dbscan,3,20,,0.3,39,66,0.9396,0.2691,0.2376,0.1527,0.0363
UMAP-10D,dbscan,3,20,,0.5,3,2,0.9982,0.1708,0.1702,0.8696,0.148
UMAP-10D,dbscan,3,20,,1.0,1,0,1.0,-1.0,-1.0,1.0,-1.0
UMAP-10D,xi,3,30,0.01,,19,414,0.6212,0.5601,0.2162,0.2817,0.0609
UMAP-10D,xi,3,30,0.03,,19,406,0.6285,0.5616,0.2219,0.2817,0.0625
UMAP-10D,xi,3,30,0.05,,18,408,0.6267,0.569,0.2235,0.2941,0.0657
UMAP-10D,xi,3,30,0.1,,14,497,0.5453,0.6248,0.1858,0.3571,0.0663
UMAP-10D,xi,3,30,0.2,,7,752,0.312,0.6454,0.0628,0.5714,0.0359
UMAP-10D,dbscan,3,30,,0.2,94,268,0.7548,0.5051,0.2878,0.0676,0.0194
UMAP-10D,dbscan,3,30,,0.3,39,66,0.9396,0.2691,0.2376,0.1527,0.0363
UMAP-10D,dbscan,3,30,,0.5,3,2,0.9982,0.1708,0.1702,0.8696,0.148
UMAP-10D,dbscan,3,30,,1.0,1,0,1.0,-1.0,-1.0,1.0,-1.0
UMAP-10D,xi,3,50,0.01,,9,550,0.4968,0.5248,0.1295,0.4878,0.0632
UMAP-10D,xi,3,50,0.03,,9,543,0.5032,0.5228,0.1324,0.4878,0.0646
UMAP-10D,xi,3,50,0.05,,6,749,0.3147,0.6964,0.069,0.625,0.0431
UMAP-10D,xi,3,50,0.1,,4,863,0.2104,0.8088,0.0358,0.7692,0.0276
UMAP-10D,xi,3,50,0.2,,3,911,0.1665,0.8267,0.0229,0.8696,0.0199
UMAP-10D,dbscan,3,50,,0.2,94,268,0.7548,0.5051,0.2878,0.0676,0.0194
UMAP-10D,dbscan,3,50,,0.3,39,66,0.9396,0.2691,0.2376,0.1527,0.0363
UMAP-10D,dbscan,3,50,,0.5,3,2,0.9982,0.1708,0.1702,0.8696,0.148
UMAP-10D,dbscan,3,50,,1.0,1,0,1.0,-1.0,-1.0,1.0,-1.0
UMAP-10D,xi,5,10,0.01,,42,500,0.5425,0.5704,0.1679,0.1429,0.024
UMAP-10D,xi,5,10,0.03,,42,502,0.5407,0.5713,0.167,0.1429,0.0239
UMAP-10D,xi,5,10,0.05,,41,498,0.5444,0.565,0.1674,0.146,0.0244
UMAP-10D,xi,5,10,0.1,,30,651,0.4044,0.6087,0.0995,0.1923,0.0191
UMAP-10D,xi,5,10,0.2,,14,862,0.2113,0.7153,0.032,0.3571,0.0114
UMAP-10D,dbscan,5,10,,0.2,65,491,0.5508,0.5579,0.1692,0.0957,0.0162
UMAP-10D,dbscan,5,10,,0.3,34,146,0.8664,0.3953,0.2967,0.1724,0.0512
UMAP-10D,dbscan,5,10,,0.5,2,6,0.9945,0.551,0.5449,1.0,0.5449
UMAP-10D,dbscan,5,10,,1.0,1,0,1.0,-1.0,-1.0,1.0,-1.0
UMAP-10D,xi,5,20,0.01,,23,476,0.5645,0.5648,0.18,0.241,0.0434
UMAP-10D,xi,5,20,0.03,,23,472,0.5682,0.5642,0.1821,0.241,0.0439
UMAP-10D,xi,5,20,0.05,,22,452,0.5865,0.5605,0.1928,0.25,0.0482
UMAP-10D,xi,5,20,0.1,,15,619,0.4337,0.6293,0.1184,0.339,0.0401
UMAP-10D,xi,5,20,0.2,,7,768,0.2973,0.6754,0.0597,0.5714,0.0341
UMAP-10D,dbscan,5,20,,0.2,65,491,0.5508,0.5579,0.1692,0.0957,0.0162
UMAP-10D,dbscan,5,20,,0.3,34,146,0.8664,0.3953,0.2967,0.1724,0.0512
UMAP-10D,dbscan,5,20,,0.5,2,6,0.9945,0.551,0.5449,1.0,0.5449
UMAP-10D,dbscan,5,20,,1.0,1,0,1.0,-1.0,-1.0,1.0,-1.0
UMAP-10D,xi,5,30,0.01,,19,392,0.6414,0.5539,0.2279,0.2817,0.0642
UMAP-10D,xi,5,30,0.03,,18,432,0.6048,0.5688,0.208,0.2941,0.0612
UMAP-10D,xi,5,30,0.05,,17,436,0.6011,0.5651,0.2042,0.3077,0.0628
UMAP-10D,xi,5,30,0.1,,12,603,0.4483,0.634,0.1274,0.4,0.051
UMAP-10D,xi,5,30,0.2,,6,791,0.2763,0.6586,0.0503,0.625,0.0314
UMAP-10D,dbscan,5,30,,0.2,65,491,0.5508,0.5579,0.1692,0.0957,0.0162
UMAP-10D,dbscan,5,30,,0.3,34,146,0.8664,0.3953,0.2967,0.1724,0.0512
UMAP-10D,dbscan,5,30,,0.5,2,6,0.9945,0.551,0.5449,1.0,0.5449
UMAP-10D,dbscan,5,30,,1.0,1,0,1.0,-1.0,-1.0,1.0,-1.0
UMAP-10D,xi,5,50,0.01,,9,502,0.5407,0.5105,0.1493,0.4878,0.0728
UMAP-10D,xi,5,50,0.03,,7,626,0.4273,0.5661,0.1033,0.5714,0.0591
UMAP-10D,xi,5,50,0.05,,5,772,0.2937,0.7036,0.0607,0.6897,0.0419
UMAP-10D,xi,5,50,0.1,,4,638,0.4163,0.4167,0.0722,0.7692,0.0555
UMAP-10D,xi,5,50,0.2,,3,909,0.1683,0.8264,0.0234,0.8696,0.0204
UMAP-10D,dbscan,5,50,,0.2,65,491,0.5508,0.5579,0.1692,0.0957,0.0162
UMAP-10D,dbscan,5,50,,0.3,34,146,0.8664,0.3953,0.2967,0.1724,0.0512
UMAP-10D,dbscan,5,50,,0.5,2,6,0.9945,0.551,0.5449,1.0,0.5449
UMAP-10D,dbscan,5,50,,1.0,1,0,1.0,-1.0,-1.0,1.0,-1.0
UMAP-10D,xi,10,10,0.01,,39,416,0.6194,0.5141,0.1972,0.1527,0.0301
UMAP-10D,xi,10,10,0.03,,37,454,0.5846,0.5214,0.1782,0.16,0.0285
UMAP-10D,xi,10,10,0.05,,32,503,0.5398,0.5601,0.1632,0.1818,0.0297
UMAP-10D,xi,10,10,0.1,,20,752,0.312,0.6779,0.066,0.2703,0.0178
UMAP-10D,xi,10,10,0.2,,5,956,0.1253,0.8006,0.0126,0.6897,0.0087
UMAP-10D,dbscan,10,10,,0.2,16,909,0.1683,0.7561,0.0214,0.3226,0.0069
UMAP-10D,dbscan,10,10,,0.3,26,435,0.602,0.5633,0.2041,0.2174,0.0444
UMAP-10D,dbscan,10,10,,0.5,5,31,0.9716,0.2672,0.2522,0.6897,0.174
UMAP-10D,dbscan,10,10,,1.0,1,0,1.0,-1.0,-1.0,1.0,-1.0
UMAP-10D,xi,10,20,0.01,,25,398,0.6359,0.5245,0.2121,0.2247,0.0477
UMAP-10D,xi,10,20,0.03,,23,423,0.613,0.541,0.2033,0.241,0.049
UMAP-10D,xi,10,20,0.05,,21,466,0.5737,0.5774,0.19,0.2597,0.0494
UMAP-10D,xi,10,20,0.1,,10,711,0.3495,0.6809,0.0832,0.4545,0.0378
UMAP-10D,xi,10,20,0.2,,3,985,0.0988,0.8683,0.0085,0.8696,0.0074
UMAP-10D,dbscan,10,20,,0.2,16,909,0.1683,0.7561,0.0214,0.3226,0.0069
UMAP-10D,dbscan,10,20,,0.3,26,435,0.602,0.5633,0.2041,0.2174,0.0444
UMAP-10D,dbscan,10,20,,0.5,5,31,0.9716,0.2672,0.2522,0.6897,0.174
UMAP-10D,dbscan,10,20,,1.0,1,0,1.0,-1.0,-1.0,1.0,-1.0
UMAP-10D,xi,10,30,0.01,,18,377,0.6551,0.5546,0.238,0.2941,0.07
UMAP-10D,xi,10,30,0.03,,17,405,0.6295,0.566,0.2243,0.3077,0.069
UMAP-10D,xi,10,30,0.05,,16,478,0.5627,0.6113,0.1936,0.3226,0.0624
UMAP-10D,xi,10,30,0.1,,9,666,0.3907,0.6508,0.0993,0.4878,0.0485
UMAP-10D,xi,10,30,0.2,,3,969,0.1134,0.8511,0.011,0.8696,0.0095
UMAP-10D,dbscan,10,30,,0.2,16,909,0.1683,0.7561,0.0214,0.3226,0.0069
UMAP-10D,dbscan,10,30,,0.3,26,435,0.602,0.5633,0.2041,0.2174,0.0444
UMAP-10D,dbscan,10,30,,0.5,5,31,0.9716,0.2672,0.2522,0.6897,0.174
UMAP-10D,dbscan,10,30,,1.0,1,0,1.0,-1.0,-1.0,1.0,-1.0
UMAP-10D,xi,10,50,0.01,,9,484,0.5572,0.4766,0.148,0.4878,0.0722
UMAP-10D,xi,10,50,0.03,,8,525,0.5197,0.4813,0.13,0.5263,0.0684
UMAP-10D,xi,10,50,0.05,,3,905,0.172,0.8189,0.0242,0.8696,0.0211
UMAP-10D,xi,10,50,0.1,,3,905,0.172,0.8189,0.0242,0.8696,0.0211
UMAP-10D,xi,10,50,0.2,,1,0,1.0,-1.0,-1.0,1.0,-1.0
UMAP-10D,dbscan,10,50,,0.2,16,909,0.1683,0.7561,0.0214,0.3226,0.0069
UMAP-10D,dbscan,10,50,,0.3,26,435,0.602,0.5633,0.2041,0.2174,0.0444
UMAP-10D,dbscan,10,50,,0.5,5,31,0.9716,0.2672,0.2522,0.6897,0.174
UMAP-10D,dbscan,10,50,,1.0,1,0,1.0,-1.0,-1.0,1.0,-1.0
UMAP-10D,xi,20,10,0.01,,23,294,0.731,0.4909,0.2623,0.241,0.0632
UMAP-10D,xi,20,10,0.03,,21,384,0.6487,0.5219,0.2196,0.2597,0.057
UMAP-10D,xi,20,10,0.05,,20,473,0.5672,0.5438,0.175,0.2703,0.0473
UMAP-10D,xi,20,10,0.1,,9,763,0.3019,0.7335,0.0669,0.4878,0.0326
UMAP-10D,xi,20,10,0.2,,1,1023,0.064,-1.0,-1.0,1.0,-1.0
UMAP-10D,dbscan,20,10,,0.2,0,1093,0.0,-1.0,-1.0,1.0,-1.0
UMAP-10D,dbscan,20,10,,0.3,4,1013,0.0732,0.8731,0.0047,0.7692,0.0036
UMAP-10D,dbscan,20,10,,0.5,12,236,0.7841,0.4258,0.2618,0.4,0.1047
UMAP-10D,dbscan,20,10,,1.0,1,0,1.0,-1.0,-1.0,1.0,-1.0
UMAP-10D,xi,20,20,0.01,,20,328,0.6999,0.5335,0.2614,0.2703,0.0706
UMAP-10D,xi,20,20,0.03,,17,446,0.5919,0.5817,0.2038,0.3077,0.0627
UMAP-10D,xi,20,20,0.05,,15,545,0.5014,0.6252,0.1571,0.339,0.0533
UMAP-10D,xi,20,20,0.1,,9,731,0.3312,0.717,0.0786,0.4878,0.0384
UMAP-10D,xi,20,20,0.2,,1,1023,0.064,-1.0,-1.0,1.0,-1.0
UMAP-10D,dbscan,20,20,,0.2,0,1093,0.0,-1.0,-1.0,1.0,-1.0
UMAP-10D,dbscan,20,20,,0.3,4,1013,0.0732,0.8731,0.0047,0.7692,0.0036
UMAP-10D,dbscan,20,20,,0.5,12,236,0.7841,0.4258,0.2618,0.4,0.1047
UMAP-10D,dbscan,20,20,,1.0,1,0,1.0,-1.0,-1.0,1.0,-1.0
UMAP-10D,xi,20,30,0.01,,17,365,0.6661,0.5527,0.2452,0.3077,0.0755
UMAP-10D,xi,20,30,0.03,,15,467,0.5727,0.6108,0.2004,0.339,0.0679
UMAP-10D,xi,20,30,0.05,,11,652,0.4035,0.6825,0.1111,0.4255,0.0473
UMAP-10D,xi,20,30,0.1,,8,754,0.3102,0.7232,0.0696,0.5263,0.0366
UMAP-10D,xi,20,30,0.2,,1,1023,0.064,-1.0,-1.0,1.0,-1.0
UMAP-10D,dbscan,20,30,,0.2,0,1093,0.0,-1.0,-1.0,1.0,-1.0
UMAP-10D,dbscan,20,30,,0.3,4,1013,0.0732,0.8731,0.0047,0.7692,0.0036
UMAP-10D,dbscan,20,30,,0.5,12,236,0.7841,0.4258,0.2618,0.4,0.1047
UMAP-10D,dbscan,20,30,,1.0,1,0,1.0,-1.0,-1.0,1.0,-1.0
UMAP-10D,xi,20,50,0.01,,8,495,0.5471,0.4764,0.1426,0.5263,0.0751
UMAP-10D,xi,20,50,0.03,,5,764,0.301,0.6305,0.0571,0.6897,0.0394
UMAP-10D,xi,20,50,0.05,,3,618,0.4346,0.4398,0.0831,0.8696,0.0722
UMAP-10D,xi,20,50,0.1,,2,973,0.1098,0.8824,0.0106,1.0,0.0106
UMAP-10D,xi,20,50,0.2,,1,1023,0.064,-1.0,-1.0,1.0,-1.0
UMAP-10D,dbscan,20,50,,0.2,0,1093,0.0,-1.0,-1.0,1.0,-1.0
UMAP-10D,dbscan,20,50,,0.3,4,1013,0.0732,0.8731,0.0047,0.7692,0.0036
UMAP-10D,dbscan,20,50,,0.5,12,236,0.7841,0.4258,0.2618,0.4,0.1047
UMAP-10D,dbscan,20,50,,1.0,1,0,1.0,-1.0,-1.0,1.0,-1.0
UMAP-15D,xi,3,10,0.01,,42,547,0.4995,0.5824,0.1453,0.1429,0.0208
UMAP-15D,xi,3,10,0.03,,40,577,0.4721,0.5936,0.1323,0.1493,0.0197
UMAP-15D,xi,3,10,0.05,,38,600,0.4511,0.5996,0.122,0.1562,0.0191
UMAP-15D,xi,3,10,0.1,,33,615,0.4373,0.5958,0.114,0.177,0.0202
UMAP-15D,xi,3,10,0.2,,15,891,0.1848,0.7253,0.0248,0.339,0.0084
UMAP-15D,dbscan,3,10,,0.2,84,282,0.742,0.4825,0.2656,0.0752,0.02
UMAP-15D,dbscan,3,10,,0.3,36,50,0.9543,0.2608,0.2375,0.1639,0.0389
UMAP-15D,dbscan,3,10,,0.5,4,1,0.9991,-0.1419,-1.0,1.0,-1.0
UMAP-15D,dbscan,3,10,,1.0,1,0,1.0,-1.0,-1.0,1.0,-1.0
UMAP-15D,xi,3,20,0.01,,23,543,0.5032,0.5725,0.145,0.241,0.0349
UMAP-15D,xi,3,20,0.03,,23,529,0.516,0.5615,0.1495,0.241,0.036
UMAP-15D,xi,3,20,0.05,,23,481,0.5599,0.543,0.1702,0.241,0.041
UMAP-15D,xi,3,20,0.1,,14,710,0.3504,0.6724,0.0826,0.3571,0.0295
UMAP-15D,xi,3,20,0.2,,6,871,0.2031,0.7452,0.0307,0.625,0.0192
UMAP-15D,dbscan,3,20,,0.2,84,282,0.742,0.4825,0.2656,0.0752,0.02
UMAP-15D,dbscan,3,20,,0.3,36,50,0.9543,0.2608,0.2375,0.1639,0.0389
UMAP-15D,dbscan,3,20,,0.5,4,1,0.9991,-0.1419,-1.0,1.0,-1.0
UMAP-15D,dbscan,3,20,,1.0,1,0,1.0,-1.0,-1.0,1.0,-1.0
UMAP-15D,xi,3,30,0.01,,16,455,0.5837,0.5847,0.1992,0.3226,0.0643
UMAP-15D,xi,3,30,0.03,,16,449,0.5892,0.5792,0.2011,0.3226,0.0649
UMAP-15D,xi,3,30,0.05,,16,445,0.5929,0.578,0.2032,0.3226,0.0655
UMAP-15D,xi,3,30,0.1,,10,630,0.4236,0.6701,0.1203,0.4545,0.0547
UMAP-15D,xi,3,30,0.2,,4,918,0.1601,0.7412,0.019,0.7692,0.0146
UMAP-15D,dbscan,3,30,,0.2,84,282,0.742,0.4825,0.2656,0.0752,0.02
UMAP-15D,dbscan,3,30,,0.3,36,50,0.9543,0.2608,0.2375,0.1639,0.0389
UMAP-15D,dbscan,3,30,,0.5,4,1,0.9991,-0.1419,-1.0,1.0,-1.0
UMAP-15D,dbscan,3,30,,1.0,1,0,1.0,-1.0,-1.0,1.0,-1.0
UMAP-15D,xi,3,50,0.01,,9,567,0.4812,0.5329,0.1234,0.4878,0.0602
UMAP-15D,xi,3,50,0.03,,7,669,0.3879,0.5647,0.085,0.5714,0.0486
UMAP-15D,xi,3,50,0.05,,7,670,0.387,0.5648,0.0846,0.5714,0.0483
UMAP-15D,xi,3,50,0.1,,5,782,0.2845,0.6982,0.0565,0.6897,0.039
UMAP-15D,xi,3,50,0.2,,1,1043,0.0457,-1.0,-1.0,1.0,-1.0
UMAP-15D,dbscan,3,50,,0.2,84,282,0.742,0.4825,0.2656,0.0752,0.02
UMAP-15D,dbscan,3,50,,0.3,36,50,0.9543,0.2608,0.2375,0.1639,0.0389
UMAP-15D,dbscan,3,50,,0.5,4,1,0.9991,-0.1419,-1.0,1.0,-1.0
UMAP-15D,dbscan,3,50,,1.0,1,0,1.0,-1.0,-1.0,1.0,-1.0
UMAP-15D,xi,5,10,0.01,,44,452,0.5865,0.5438,0.187,0.137,0.0256
UMAP-15D,xi,5,10,0.03,,43,490,0.5517,0.5647,0.1719,0.1399,0.024
UMAP-15D,xi,5,10,0.05,,41,505,0.538,0.5677,0.1643,0.146,0.024
UMAP-15D,xi,5,10,0.1,,32,575,0.4739,0.5878,0.132,0.1818,0.024
UMAP-15D,xi,5,10,0.2,,13,857,0.2159,0.6959,0.0324,0.3774,0.0122
UMAP-15D,dbscan,5,10,,0.2,54,482,0.559,0.591,0.1847,0.1136,0.021
UMAP-15D,dbscan,5,10,,0.3,40,130,0.8811,0.408,0.3167,0.1493,0.0473
UMAP-15D,dbscan,5,10,,0.5,4,4,0.9963,-0.0412,-1.0,1.0,-1.0
UMAP-15D,dbscan,5,10,,1.0,1,0,1.0,-1.0,-1.0,1.0,-1.0
UMAP-15D,xi,5,20,0.01,,23,501,0.5416,0.5787,0.1698,0.241,0.0409
UMAP-15D,xi,5,20,0.03,,22,496,0.5462,0.582,0.1736,0.25,0.0434
UMAP-15D,xi,5,20,0.05,,20,516,0.5279,0.5888,0.1641,0.2703,0.0443
UMAP-15D,xi,5,20,0.1,,13,674,0.3833,0.6445,0.0947,0.3774,0.0357
UMAP-15D,xi,5,20,0.2,,6,876,0.1985,0.7028,0.0277,0.625,0.0173
UMAP-15D,dbscan,5,20,,0.2,54,482,0.559,0.591,0.1847,0.1136,0.021
UMAP-15D,dbscan,5,20,,0.3,40,130,0.8811,0.408,0.3167,0.1493,0.0473
UMAP-15D,dbscan,5,20,,0.5,4,4,0.9963,-0.0412,-1.0,1.0,-1.0
UMAP-15D,dbscan,5,20,,1.0,1,0,1.0,-1.0,-1.0,1.0,-1.0
UMAP-15D,xi,5,30,0.01,,19,354,0.6761,0.5225,0.2389,0.2817,0.0673
UMAP-15D,xi,5,30,0.03,,19,360,0.6706,0.5248,0.236,0.2817,0.0665
UMAP-15D,xi,5,30,0.05,,16,471,0.5691,0.5845,0.1893,0.3226,0.0611
UMAP-15D,xi,5,30,0.1,,8,772,0.2937,0.7333,0.0632,0.5263,0.0333
UMAP-15D,xi,5,30,0.2,,4,923,0.1555,0.7025,0.017,0.7692,0.0131
UMAP-15D,dbscan,5,30,,0.2,54,482,0.559,0.591,0.1847,0.1136,0.021
UMAP-15D,dbscan,5,30,,0.3,40,130,0.8811,0.408,0.3167,0.1493,0.0473
UMAP-15D,dbscan,5,30,,0.5,4,4,0.9963,-0.0412,-1.0,1.0,-1.0
UMAP-15D,dbscan,5,30,,1.0,1,0,1.0,-1.0,-1.0,1.0,-1.0
UMAP-15D,xi,5,50,0.01,,7,568,0.4803,0.4076,0.094,0.5714,0.0537
UMAP-15D,xi,5,50,0.03,,4,830,0.2406,0.7793,0.0451,0.7692,0.0347
UMAP-15D,xi,5,50,0.05,,4,829,0.2415,0.7771,0.0453,0.7692,0.0349
UMAP-15D,xi,5,50,0.1,,2,969,0.1134,0.8879,0.0114,1.0,0.0114
UMAP-15D,xi,5,50,0.2,,1,1043,0.0457,-1.0,-1.0,1.0,-1.0
UMAP-15D,dbscan,5,50,,0.2,54,482,0.559,0.591,0.1847,0.1136,0.021
UMAP-15D,dbscan,5,50,,0.3,40,130,0.8811,0.408,0.3167,0.1493,0.0473
UMAP-15D,dbscan,5,50,,0.5,4,4,0.9963,-0.0412,-1.0,1.0,-1.0
UMAP-15D,dbscan,5,50,,1.0,1,0,1.0,-1.0,-1.0,1.0,-1.0
UMAP-15D,xi,10,10,0.01,,37,322,0.7054,0.4849,0.2413,0.16,0.0386
UMAP-15D,xi,10,10,0.03,,35,415,0.6203,0.5162,0.1986,0.1681,0.0334
UMAP-15D,xi,10,10,0.05,,34,471,0.5691,0.5497,0.178,0.1724,0.0307
UMAP-15D,xi,10,10,0.1,,16,803,0.2653,0.6571,0.0463,0.3226,0.0149
UMAP-15D,xi,10,10,0.2,,5,988,0.0961,0.8446,0.0078,0.6897,0.0054
UMAP-15D,dbscan,10,10,,0.2,13,949,0.1317,0.725,0.0126,0.3774,0.0047
UMAP-15D,dbscan,10,10,,0.3,24,481,0.5599,0.5898,0.1849,0.2326,0.043
UMAP-15D,dbscan,10,10,,0.5,6,31,0.9716,0.1644,0.1552,0.625,0.097
UMAP-15D,dbscan,10,10,,1.0,1,0,1.0,-1.0,-1.0,1.0,-1.0
UMAP-15D,xi,10,20,0.01,,23,373,0.6587,0.5219,0.2265,0.241,0.0546
UMAP-15D,xi,10,20,0.03,,21,450,0.5883,0.5497,0.1902,0.2597,0.0494
UMAP-15D,xi,10,20,0.05,,20,503,0.5398,0.5833,0.17,0.2703,0.0459
UMAP-15D,xi,10,20,0.1,,9,778,0.2882,0.6488,0.0539,0.4878,0.0263
UMAP-15D,xi,10,20,0.2,,4,943,0.1372,0.7396,0.0139,0.7692,0.0107
UMAP-15D,dbscan,10,20,,0.2,13,949,0.1317,0.725,0.0126,0.3774,0.0047
UMAP-15D,dbscan,10,20,,0.3,24,481,0.5599,0.5898,0.1849,0.2326,0.043
UMAP-15D,dbscan,10,20,,0.5,6,31,0.9716,0.1644,0.1552,0.625,0.097
UMAP-15D,dbscan,10,20,,1.0,1,0,1.0,-1.0,-1.0,1.0,-1.0
UMAP-15D,xi,10,30,0.01,,18,364,0.667,0.527,0.2344,0.2941,0.069
UMAP-15D,xi,10,30,0.03,,16,445,0.5929,0.5864,0.2061,0.3226,0.0665
UMAP-15D,xi,10,30,0.05,,13,527,0.5178,0.6441,0.1727,0.3774,0.0652
UMAP-15D,xi,10,30,0.1,,8,729,0.333,0.6911,0.0766,0.5263,0.0403
UMAP-15D,xi,10,30,0.2,,3,966,0.1162,0.7167,0.0097,0.8696,0.0084
UMAP-15D,dbscan,10,30,,0.2,13,949,0.1317,0.725,0.0126,0.3774,0.0047
UMAP-15D,dbscan,10,30,,0.3,24,481,0.5599,0.5898,0.1849,0.2326,0.043
UMAP-15D,dbscan,10,30,,0.5,6,31,0.9716,0.1644,0.1552,0.625,0.097
UMAP-15D,dbscan,10,30,,1.0,1,0,1.0,-1.0,-1.0,1.0,-1.0
UMAP-15D,xi,10,50,0.01,,8,546,0.5005,0.4738,0.1187,0.5263,0.0625
UMAP-15D,xi,10,50,0.03,,4,833,0.2379,0.771,0.0436,0.7692,0.0336
UMAP-15D,xi,10,50,0.05,,4,733,0.3294,0.6798,0.0738,0.7692,0.0567
UMAP-15D,xi,10,50,0.1,,2,973,0.1098,0.8925,0.0108,1.0,0.0108
UMAP-15D,xi,10,50,0.2,,1,1043,0.0457,-1.0,-1.0,1.0,-1.0
UMAP-15D,dbscan,10,50,,0.2,13,949,0.1317,0.725,0.0126,0.3774,0.0047
UMAP-15D,dbscan,10,50,,0.3,24,481,0.5599,0.5898,0.1849,0.2326,0.043
UMAP-15D,dbscan,10,50,,0.5,6,31,0.9716,0.1644,0.1552,0.625,0.097
UMAP-15D,dbscan,10,50,,1.0,1,0,1.0,-1.0,-1.0,1.0,-1.0
UMAP-15D,xi,20,10,0.01,,22,266,0.7566,0.4736,0.2711,0.25,0.0678
UMAP-15D,xi,20,10,0.03,,19,391,0.6423,0.5507,0.2272,0.2817,0.064
UMAP-15D,xi,20,10,0.05,,18,501,0.5416,0.5889,0.1728,0.2941,0.0508
UMAP-15D,xi,20,10,0.1,,9,789,0.2781,0.7215,0.0558,0.4878,0.0272
UMAP-15D,xi,20,10,0.2,,4,900,0.1766,0.7315,0.0228,0.7692,0.0175
UMAP-15D,dbscan,20,10,,0.2,0,1093,0.0,-1.0,-1.0,1.0,-1.0
UMAP-15D,dbscan,20,10,,0.3,8,958,0.1235,0.7261,0.0111,0.5263,0.0058
UMAP-15D,dbscan,20,10,,0.5,11,283,0.7411,0.4236,0.2326,0.4255,0.099
UMAP-15D,dbscan,20,10,,1.0,1,0,1.0,-1.0,-1.0,1.0,-1.0
UMAP-15D,xi,20,20,0.01,,20,281,0.7429,0.4925,0.2718,0.2703,0.0735
UMAP-15D,xi,20,20,0.03,,18,410,0.6249,0.5572,0.2176,0.2941,0.064
UMAP-15D,xi,20,20,0.05,,16,500,0.5425,0.5817,0.1712,0.3226,0.0552
UMAP-15D,xi,20,20,0.1,,7,816,0.2534,0.7358,0.0473,0.5714,0.027
UMAP-15D,xi,20,20,0.2,,4,900,0.1766,0.7315,0.0228,0.7692,0.0175
UMAP-15D,dbscan,20,20,,0.2,0,1093,0.0,-1.0,-1.0,1.0,-1.0
UMAP-15D,dbscan,20,20,,0.3,8,958,0.1235,0.7261,0.0111,0.5263,0.0058
UMAP-15D,dbscan,20,20,,0.5,11,283,0.7411,0.4236,0.2326,0.4255,0.099
UMAP-15D,dbscan,20,20,,1.0,1,0,1.0,-1.0,-1.0,1.0,-1.0
UMAP-15D,xi,20,30,0.01,,16,322,0.7054,0.5122,0.2549,0.3226,0.0822
UMAP-15D,xi,20,30,0.03,,15,424,0.6121,0.5646,0.2115,0.339,0.0717
UMAP-15D,xi,20,30,0.05,,12,555,0.4922,0.6123,0.1483,0.4,0.0593
UMAP-15D,xi,20,30,0.1,,7,769,0.2964,0.702,0.0617,0.5714,0.0352
UMAP-15D,xi,20,30,0.2,,4,900,0.1766,0.7315,0.0228,0.7692,0.0175
UMAP-15D,dbscan,20,30,,0.2,0,1093,0.0,-1.0,-1.0,1.0,-1.0
UMAP-15D,dbscan,20,30,,0.3,8,958,0.1235,0.7261,0.0111,0.5263,0.0058
UMAP-15D,dbscan,20,30,,0.5,11,283,0.7411,0.4236,0.2326,0.4255,0.099
UMAP-15D,dbscan,20,30,,1.0,1,0,1.0,-1.0,-1.0,1.0,-1.0
UMAP-15D,xi,20,50,0.01,,8,541,0.505,0.5294,0.135,0.5263,0.0711
UMAP-15D,xi,20,50,0.03,,6,708,0.3522,0.6359,0.0789,0.625,0.0493
UMAP-15D,xi,20,50,0.05,,4,833,0.2379,0.7829,0.0443,0.7692,0.0341
UMAP-15D,xi,20,50,0.1,,1,1023,0.064,-1.0,-1.0,1.0,-1.0
UMAP-15D,xi,20,50,0.2,,1,1023,0.064,-1.0,-1.0,1.0,-1.0
UMAP-15D,dbscan,20,50,,0.2,0,1093,0.0,-1.0,-1.0,1.0,-1.0
UMAP-15D,dbscan,20,50,,0.3,8,958,0.1235,0.7261,0.0111,0.5263,0.0058
UMAP-15D,dbscan,20,50,,0.5,11,283,0.7411,0.4236,0.2326,0.4255,0.099
UMAP-15D,dbscan,20,50,,1.0,1,0,1.0,-1.0,-1.0,1.0,-1.0
